LYMPH_NODES_EXAMINED_POSITIVE,NPI,CELLULARITY,CHEMOTHERAPY,ER_IHC,HER2_SNP6,HORMONE_THERAPY,INFERRED_MENOPAUSAL_STATE,AGE_AT_DIAGNOSIS,LATERALITY,RADIO_THERAPY,BREAST_SURGERY,ER_STATUS,HER2_STATUS,NUM_CELLULARITY,PROLIFERATION_STATUS,RFS_STATUS
10.0,6.044,0,0,1,2,1,0,75.65,1,1,1,1,1,0.0,1,0.0
0.0,4.02,0,0,1,2,1,1,43.19,1,1,0,0,1,0.0,0,0.0
1.0,4.03,0,1,1,2,1,1,48.87,1,0,1,0,1,0.0,1,1.0
3.0,4.05,2,1,1,2,1,1,47.68,1,1,1,0,1,2.0,1,0.0
8.0,6.08,0,1,1,2,1,0,76.97,1,1,1,0,1,0.0,0,1.0
0.0,4.062,2,0,1,2,1,0,78.77,0,1,1,0,1,2.0,0,1.0
1.0,4.02,2,1,1,1,1,0,56.45,1,1,0,0,1,2.0,1,0.0
0.0,6.13,0,1,0,2,0,0,70.0,0,1,1,1,1,0.0,1,1.0
1.0,4.058,2,0,1,2,1,0,89.08,0,1,0,0,1,2.0,1,0.0
11.0,6.68,0,0,1,2,1,0,76.24,0,1,1,0,1,0.0,1,1.0
1.0,5.032,2,0,1,0,1,0,86.41,1,1,0,0,1,2.0,0,0.0
0.0,3.056,0,0,0,1,0,0,84.22,0,0,1,0,1,0.0,0,1.0
0.0,3.044,2,0,1,2,1,0,85.49,0,1,1,0,1,2.0,1,1.0
0.0,2.042,0,0,1,0,1,0,70.91,0,1,0,0,1,0.0,1,0.0
3.0,5.038,0,1,0,2,0,1,45.27,1,1,1,0,1,0.0,1,1.0
24.0,6.072,0,0,1,0,1,0,83.02,0,1,1,0,1,0.0,1,1.0
1.0,4.05,1,1,1,0,1,0,51.46,0,1,0,0,1,1.0,1,0.0
3.0,4.066,2,1,1,2,1,1,44.64,1,1,0,0,1,2.0,1,0.0
0.0,3.046,0,0,1,2,1,0,70.02,1,1,0,0,1,0.0,1,0.0
0.0,4.072,2,0,1,0,1,0,66.91,1,1,1,0,1,2.0,1,1.0
0.0,3.058,0,0,1,2,1,0,62.62,1,0,1,0,1,0.0,1,0.0
0.0,4.034,0,0,1,2,1,0,75.58,0,1,1,0,1,0.0,0,0.0
0.0,4.046,0,1,1,2,1,1,45.43,1,1,0,0,1,0.0,0,0.0
0.0,4.034,0,1,0,2,0,0,52.14,1,1,1,0,1,0.0,1,0.0
0.0,3.036,2,0,1,0,1,0,69.13,1,0,0,0,1,2.0,1,0.0
1.0,4.032,0,0,1,2,1,0,61.49,0,1,0,0,1,0.0,0,0.0
1.0,3.024,0,0,1,1,1,0,51.01,0,1,0,0,1,0.0,1,0.0
0.0,4.1,0,0,1,2,1,0,68.42,0,1,1,0,1,0.0,1,0.0
4.0,6.08,0,1,0,2,0,0,50.42,1,1,1,0,1,0.0,1,1.0
0.0,3.048,2,0,1,2,1,1,49.61,1,1,0,0,1,2.0,1,0.0
0.0,3.026,2,0,1,2,1,0,64.85,1,1,0,0,1,2.0,1,1.0
1.0,5.028,0,0,1,2,1,1,43.55,0,1,0,0,1,0.0,1,0.0
1.0,4.11,0,0,1,2,1,0,80.5,0,1,1,0,1,0.0,1,0.0
3.0,5.06,0,0,1,2,1,0,78.19,0,1,1,0,1,0.0,1,0.0
0.0,3.042,2,1,1,1,1,0,51.58,1,1,0,0,1,2.0,1,1.0
0.0,4.078,1,1,0,2,0,0,68.68,1,1,1,1,1,1.0,1,1.0
0.0,3.068,2,0,1,2,1,1,46.89,1,1,1,0,1,2.0,1,1.0
16.0,5.08,0,1,1,2,1,0,51.38,1,1,1,0,1,0.0,0,1.0
5.0,4.14,2,1,1,2,1,1,49.87,0,1,1,0,1,2.0,1,0.0
0.0,4.036,2,0,1,2,1,0,65.59,1,0,1,0,1,2.0,1,0.0
0.0,4.036,1,1,1,2,1,1,43.15,1,1,0,0,1,1.0,1,1.0
0.0,4.09,0,0,1,0,0,0,82.53,0,0,1,0,1,0.0,0,0.0
0.0,2.14,1,0,1,2,0,1,45.73,0,0,0,0,1,1.0,1,1.0
0.0,2.054,0,0,1,2,1,0,54.23,1,0,1,0,1,0.0,1,0.0
14.0,6.3,0,0,1,2,1,0,83.89,1,1,1,0,1,0.0,1,1.0
3.0,5.034,1,1,1,0,1,1,36.96,1,1,1,0,0,1.0,1,0.0
0.0,3.06,1,0,1,2,1,1,48.59,0,0,1,0,1,1.0,0,0.0
0.0,4.05,2,1,0,2,0,1,39.84,0,1,1,1,1,2.0,1,1.0
1.0,4.12,2,1,1,2,1,1,42.55,1,1,1,0,1,2.0,0,0.0
1.0,4.046,2,0,1,2,1,0,60.07,1,1,0,0,1,2.0,1,0.0
1.0,4.046,0,0,1,0,1,0,82.73,0,1,1,0,1,0.0,0,1.0
1.0,5.052,2,0,1,0,1,0,72.1,0,1,1,0,1,2.0,0,1.0
6.0,5.06,2,0,1,2,1,0,78.73,0,1,1,0,1,2.0,1,0.0
1.0,3.04,2,0,1,2,1,0,58.95,1,1,0,0,1,2.0,1,0.0
0.0,4.05,2,0,1,2,1,0,76.89,1,0,1,0,1,2.0,0,1.0
2.0,4.1,1,1,1,2,1,1,43.46,0,1,0,0,1,1.0,1,0.0
0.0,2.018,1,0,1,2,1,0,73.98,1,0,0,0,1,1.0,1,0.0
0.0,3.07,2,0,1,2,1,0,61.95,1,1,1,0,1,2.0,1,1.0
1.0,4.026,0,1,1,2,1,0,52.11,1,1,0,0,1,0.0,1,0.0
0.0,3.028,1,0,1,2,1,0,57.4,0,1,0,0,1,1.0,1,0.0
4.0,6.048,1,1,0,0,0,0,63.53,1,1,1,0,0,1.0,1,0.0
0.0,2.034,1,0,1,0,1,0,56.75,0,0,1,0,0,1.0,1,0.0
0.0,4.078,2,1,1,2,1,0,69.16,0,1,1,0,1,2.0,0,1.0
1.0,3.16,2,1,1,2,1,0,58.89,0,1,0,0,1,2.0,1,0.0
3.0,5.044,0,0,1,2,1,0,73.11,0,1,1,0,1,0.0,0,1.0
1.0,5.07,2,0,1,2,1,0,74.09,0,1,1,0,1,2.0,0,0.0
0.0,3.026,0,0,1,2,1,0,72.3,1,0,0,0,1,0.0,1,0.0
0.0,3.036,2,0,1,1,1,0,51.33,0,0,0,0,1,2.0,1,0.0
1.0,4.06,2,0,1,2,1,1,47.62,1,1,0,0,1,2.0,1,0.0
1.0,4.054,0,0,1,2,1,0,74.07,1,1,0,0,1,0.0,0,0.0
0.0,3.032,2,0,1,1,0,0,57.99,1,0,1,0,1,2.0,1,0.0
2.0,5.044,0,0,1,2,1,0,85.39,1,1,0,0,1,0.0,0,0.0
6.0,6.052,0,0,1,2,1,0,79.73,0,1,0,0,1,0.0,1,1.0
0.0,3.04,2,0,1,2,1,0,62.4,0,1,0,0,1,2.0,1,0.0
2.0,5.044,0,0,1,1,1,0,81.0,0,1,0,0,1,0.0,0,0.0
9.0,5.076,0,0,1,2,1,0,79.28,1,1,1,0,1,0.0,0,1.0
0.0,4.038,0,0,0,0,0,0,53.16,0,0,1,0,0,0.0,1,0.0
0.0,4.078,1,0,0,1,0,0,77.13,1,1,0,1,1,1.0,1,0.0
0.0,3.04,0,0,1,2,1,0,70.22,0,0,1,1,1,0.0,1,0.0
6.0,6.1,2,0,1,2,1,0,67.7,0,1,1,0,1,2.0,0,1.0
0.0,4.024,0,0,0,0,0,0,63.77,1,0,1,0,0,0.0,1,0.0
0.0,1.056,0,0,1,2,0,0,67.12,0,0,1,1,1,0.0,1,0.0
0.0,3.024,2,0,1,2,1,0,62.46,1,0,1,0,1,2.0,1,0.0
0.0,2.018,2,0,1,2,1,0,62.72,0,1,0,0,1,2.0,1,0.0
0.0,2.004,1,0,1,2,0,0,60.85,0,0,0,0,1,1.0,1,0.0
0.0,4.06,2,0,0,2,0,0,71.5,0,1,0,1,1,2.0,1,0.0
0.0,4.044,2,1,0,2,1,0,50.43,0,0,1,1,1,2.0,1,1.0
0.0,2.046,1,0,1,0,0,0,51.04,0,0,1,0,0,1.0,1,0.0
0.0,1.046,0,0,1,2,0,1,36.66,1,0,0,0,1,0.0,1,0.0
1.0,4.028,0,0,1,2,1,0,57.56,0,1,0,0,1,0.0,1,0.0
1.0,5.054,0,0,0,2,0,0,84.73,0,0,0,0,1,0.0,1,0.0
0.0,4.032,0,1,0,2,0,1,37.87,0,1,1,1,1,0.0,1,0.0
22.0,6.104,2,1,1,0,1,0,53.75,0,1,1,0,0,2.0,1,1.0
3.0,5.048,2,1,1,2,1,1,44.98,1,1,0,0,1,2.0,1,0.0
2.0,5.076,0,0,1,2,1,0,76.4,1,1,1,0,1,0.0,0,1.0
0.0,4.034,1,0,1,2,1,0,60.26,0,1,0,0,1,1.0,1,0.0
0.0,3.078,1,0,1,2,1,0,79.28,0,0,0,0,1,1.0,1,0.0
1.0,3.052,1,0,1,2,1,0,83.35,0,1,1,0,1,1.0,1,0.0
0.0,4.054,2,0,1,2,1,0,64.57,1,1,1,0,1,2.0,1,0.0
1.0,4.04,1,1,1,2,1,1,48.11,1,1,1,0,1,1.0,1,0.0
4.0,6.088,0,0,1,1,1,0,83.99,1,1,1,0,1,0.0,0,0.0
0.0,4.048,1,1,0,2,0,0,59.18,0,1,0,1,1,1.0,1,0.0
0.0,2.04,0,0,1,1,1,0,69.51,1,0,1,0,1,0.0,1,0.0
7.0,6.072,2,1,1,2,1,1,38.78,1,1,1,0,1,2.0,0,1.0
2.0,4.088,1,0,1,2,1,0,85.94,0,1,1,0,1,1.0,1,0.0
0.0,4.042,0,0,1,2,1,0,74.63,0,1,0,0,1,0.0,1,1.0
7.0,6.068,1,1,0,0,0,0,56.39,1,1,1,1,1,1.0,1,1.0
0.0,3.036,2,0,1,2,1,0,51.69,1,1,0,0,1,2.0,1,0.0
1.0,4.042,2,0,1,2,1,0,68.45,0,1,0,0,1,2.0,1,0.0
0.0,3.05,2,0,1,2,1,0,68.41,0,0,1,0,1,2.0,1,0.0
0.0,5.1,2,0,1,0,1,0,76.84,1,1,1,0,1,2.0,0,1.0
2.0,4.09,0,1,1,2,0,0,82.65,1,1,1,0,1,0.0,1,1.0
6.0,6.096,2,1,1,2,1,0,57.79,1,1,1,0,1,2.0,1,1.0
0.0,4.05,0,0,0,2,0,0,81.02,1,1,0,0,1,0.0,1,0.0
0.0,2.026,2,0,1,2,1,0,62.55,1,1,0,0,1,2.0,1,0.0
7.0,6.038,0,0,1,0,0,0,51.54,0,0,1,0,1,0.0,0,0.0
6.0,5.042,0,1,1,2,1,0,56.45,1,1,1,0,1,0.0,1,0.0
21.0,6.056,0,0,1,0,1,0,75.18,1,1,1,0,1,0.0,0,1.0
2.0,5.048,0,1,1,2,1,0,50.48,0,1,1,0,1,0.0,0,0.0
4.0,6.036,0,1,1,2,1,1,43.37,1,1,1,0,1,0.0,0,0.0
1.0,5.038,0,0,1,2,1,0,57.56,1,1,0,0,1,0.0,1,0.0
0.0,4.076,2,0,0,2,0,0,69.86,1,1,1,0,1,2.0,1,1.0
0.0,4.04,2,1,0,0,0,1,49.5,0,1,1,0,0,2.0,1,0.0
1.0,5.06,0,1,1,2,1,1,46.0,1,1,1,0,1,0.0,0,0.0
1.0,5.05,0,1,1,2,1,0,86.24,1,1,1,0,1,0.0,0,0.0
0.0,2.02,2,0,1,2,1,0,79.38,1,1,0,0,1,2.0,1,1.0
0.0,3.052,1,0,1,2,1,0,53.56,0,1,0,0,1,1.0,1,0.0
2.0,5.07,0,1,0,2,0,0,55.02,0,1,1,1,1,0.0,1,0.0
2.0,4.056,0,0,1,0,1,1,48.13,0,0,1,0,1,0.0,1,0.0
0.0,3.006,2,0,1,2,1,0,67.17,1,0,1,1,1,2.0,1,0.0
0.0,5.01,0,0,1,2,1,0,63.14,0,1,1,0,1,0.0,1,0.0
13.0,6.08,2,0,1,2,0,1,42.95,0,0,1,0,1,2.0,1,1.0
0.0,4.054,0,1,1,2,0,1,41.41,0,1,0,1,1,0.0,1,0.0
0.0,3.08,0,0,1,2,1,0,75.63,1,1,1,0,1,0.0,0,0.0
2.0,5.04,0,1,1,2,1,1,43.39,0,1,0,0,1,0.0,0,0.0
6.0,6.04,0,0,1,0,0,1,37.24,1,0,1,0,0,0.0,1,1.0
7.0,6.04,2,0,0,0,0,0,77.72,0,0,1,0,1,2.0,0,1.0
0.0,2.04,0,1,1,2,1,0,50.31,1,1,0,0,1,0.0,1,0.0
12.0,6.04,0,1,1,0,1,0,50.45,1,1,1,0,1,0.0,1,1.0
0.0,4.05,2,0,1,2,1,1,44.01,1,0,1,0,1,2.0,1,0.0
0.0,3.038,2,0,1,0,1,0,59.15,0,0,0,0,0,2.0,1,1.0
1.0,3.04,1,0,1,2,1,0,58.21,1,1,0,0,1,1.0,1,0.0
0.0,3.048,0,0,1,2,1,0,52.95,0,0,0,0,1,0.0,1,0.0
1.0,3.034,1,0,1,2,0,0,63.35,0,0,1,0,1,1.0,1,1.0
0.0,3.038,0,0,1,2,1,1,45.5,1,1,0,0,1,0.0,1,0.0
0.0,1.07,0,0,1,0,0,1,41.98,0,0,1,0,0,0.0,1,0.0
0.0,1.06,1,0,1,0,0,0,71.57,0,0,0,0,1,1.0,1,0.0
0.0,3.028,0,0,1,2,0,1,44.73,1,0,0,0,1,0.0,1,0.0
0.0,3.034,2,0,1,0,1,0,77.77,0,0,0,0,1,2.0,1,0.0
0.0,3.052,0,0,1,2,1,0,56.27,1,1,1,0,1,0.0,0,0.0
1.0,4.04,1,1,1,2,1,0,52.55,0,1,0,0,1,1.0,1,1.0
0.0,4.054,2,1,1,0,1,1,43.63,1,1,1,0,0,2.0,1,0.0
4.0,6.07,0,1,0,2,0,0,52.19,1,1,1,1,1,0.0,1,0.0
0.0,2.092,0,0,1,2,1,0,77.85,1,1,0,0,1,0.0,1,1.0
0.0,4.058,2,0,1,2,0,0,55.09,0,0,1,0,1,2.0,1,1.0
0.0,3.036,2,0,1,2,1,0,51.25,0,0,0,0,1,2.0,1,0.0
1.0,4.044,0,1,1,2,1,0,53.72,1,1,0,0,1,0.0,1,0.0
0.0,2.022,1,0,1,2,1,0,67.83,0,0,0,0,1,1.0,1,0.0
0.0,1.028,0,0,1,2,1,0,54.76,1,0,0,0,1,0.0,1,0.0
1.0,4.03,2,0,1,2,1,0,66.75,0,1,0,0,1,2.0,1,1.0
0.0,4.042,0,1,1,2,1,1,45.76,1,1,1,0,1,0.0,1,0.0
0.0,4.022,0,0,0,0,0,0,53.45,1,1,0,1,1,0.0,1,0.0
0.0,3.024,0,0,1,2,1,0,69.19,0,0,0,0,1,0.0,1,0.0
0.0,2.034,0,0,1,2,1,0,53.1,1,0,0,0,1,0.0,1,1.0
0.0,3.05,2,1,1,0,1,0,57.61,1,1,0,0,1,2.0,0,1.0
0.0,4.022,0,0,1,0,1,0,62.7,0,1,0,0,1,0.0,0,0.0
9.0,6.0,0,1,0,0,0,1,38.99,0,0,1,1,1,0.0,1,1.0
0.0,1.024,0,0,1,2,1,0,78.26,0,1,1,0,1,0.0,1,0.0
6.0,4.052,0,0,1,2,1,0,63.93,0,1,0,0,1,0.0,0,1.0
0.0,4.052,0,0,1,2,1,0,55.44,0,0,1,0,1,0.0,1,0.0
0.0,1.054,2,0,1,2,1,0,76.49,0,0,1,0,1,2.0,1,0.0
1.0,5.062,0,0,1,2,0,0,83.93,0,0,1,0,1,0.0,1,1.0
1.0,4.042,2,0,1,2,1,1,46.44,1,1,0,1,1,2.0,1,0.0
0.0,1.06,2,0,1,0,1,0,84.88,0,1,1,0,1,2.0,1,0.0
0.0,4.038,0,0,1,2,0,0,66.54,0,0,1,0,1,0.0,1,1.0
2.0,5.052,1,1,0,2,0,1,45.39,1,1,1,1,1,1.0,1,0.0
0.0,4.028,0,0,1,2,0,1,29.98,0,0,1,0,1,0.0,0,1.0
8.0,6.056,2,0,1,2,0,0,55.36,1,0,1,0,1,2.0,0,1.0
3.0,4.05,2,0,1,2,1,0,68.66,1,1,1,0,1,2.0,1,0.0
0.0,2.018,0,0,1,2,1,0,61.94,1,1,0,0,1,0.0,1,0.0
3.0,5.106,2,1,1,2,0,1,34.3,0,0,1,1,1,2.0,1,1.0
0.0,2.042,0,0,1,1,1,0,69.52,1,1,0,0,1,0.0,1,0.0
0.0,3.042,0,0,1,2,1,1,47.64,1,1,1,0,1,0.0,1,1.0
0.0,1.0,0,0,1,2,0,0,52.79,0,0,1,0,1,0.0,1,0.0
8.0,6.036,1,1,1,2,1,0,51.81,1,1,0,0,1,1.0,1,1.0
0.0,6.066,0,0,1,2,0,0,60.3,1,0,1,0,1,0.0,0,1.0
0.0,1.0,2,0,1,2,0,0,51.42,0,0,1,1,1,2.0,1,0.0
14.0,5.056,0,0,1,2,0,1,48.07,0,0,1,1,1,0.0,1,0.0
0.0,4.046,2,0,1,2,0,0,62.92,0,0,0,1,1,2.0,1,0.0
1.0,4.038,0,0,1,2,0,0,77.54,0,0,0,0,1,0.0,0,0.0
25.0,5.06,1,1,1,0,1,0,55.22,0,0,1,0,1,1.0,1,1.0
0.0,4.04,0,0,1,2,1,0,75.91,1,1,1,1,1,0.0,1,0.0
0.0,2.05,2,0,1,2,0,1,49.92,0,0,1,0,1,2.0,1,0.0
1.0,5.052,2,1,1,0,1,0,51.19,1,0,0,0,0,2.0,1,1.0
1.0,5.11,0,0,0,2,0,0,80.34,0,0,1,1,1,0.0,1,0.0
0.0,2.026,0,0,1,2,1,0,51.62,1,0,1,1,1,0.0,1,0.0
0.0,3.028,2,1,1,0,1,1,46.17,0,1,1,0,0,2.0,1,0.0
1.0,3.018,2,0,1,1,1,1,47.13,0,0,0,0,1,2.0,1,0.0
0.0,1.05,0,0,1,2,0,0,68.83,0,1,0,1,1,0.0,1,0.0
2.0,5.046,2,0,1,2,1,0,82.46,0,1,1,0,1,2.0,1,0.0
5.0,6.058,2,0,1,2,1,0,81.53,1,1,1,0,1,2.0,1,1.0
0.0,4.022,1,0,0,2,1,1,47.71,0,0,1,1,1,1.0,1,0.0
1.0,5.028,0,0,1,2,1,0,84.85,1,1,1,0,1,0.0,1,1.0
6.0,6.07,1,1,1,2,1,0,60.62,1,0,1,0,1,1.0,1,1.0
2.0,5.07,0,0,1,2,1,0,82.53,0,1,1,0,1,0.0,0,1.0
6.0,6.02,2,1,1,0,1,1,41.63,1,1,0,0,0,2.0,1,0.0
0.0,2.038,1,0,1,2,0,0,51.21,0,0,1,0,1,1.0,1,0.0
1.0,3.042,1,0,1,2,1,0,89.43,0,0,1,0,1,1.0,1,0.0
1.0,4.032,2,0,1,2,1,0,67.38,1,1,1,0,1,2.0,1,0.0
0.0,2.094,0,0,1,2,1,0,77.94,0,0,1,0,1,0.0,0,0.0
0.0,3.066,2,0,1,2,1,0,70.49,1,0,1,0,1,2.0,0,1.0
1.0,5.046,0,0,1,2,1,0,55.52,1,0,0,0,1,0.0,0,0.0
5.0,6.1,2,0,0,0,0,0,73.48,0,0,1,0,0,2.0,1,1.0
3.0,4.1,2,1,1,0,1,0,56.32,1,1,1,0,1,2.0,1,0.0
0.0,4.06,0,0,0,2,0,0,50.82,0,1,0,1,1,0.0,1,0.0
0.0,4.078,0,0,1,2,0,0,76.68,1,0,1,0,1,0.0,1,0.0
0.0,1.036,0,0,0,2,0,0,58.01,0,0,1,1,1,0.0,1,0.0
10.0,5.064,2,0,1,0,1,0,92.14,0,1,1,0,1,2.0,0,1.0
0.0,2.034,2,0,1,2,1,0,50.98,1,1,0,0,1,2.0,1,0.0
2.0,5.06,0,1,1,2,1,1,46.86,0,0,1,0,1,0.0,0,0.0
2.0,4.05,0,0,1,2,1,0,86.28,1,1,1,0,1,0.0,1,0.0
6.0,6.064,2,1,1,0,1,1,47.64,0,1,1,0,1,2.0,0,1.0
0.0,4.09,0,0,1,2,1,0,79.34,1,1,1,0,1,0.0,0,0.0
1.0,4.24,0,0,1,2,1,0,51.45,0,1,1,0,1,0.0,1,0.0
0.0,3.05,2,0,1,2,1,0,66.73,1,1,1,0,1,2.0,1,0.0
2.0,5.068,0,0,1,2,1,0,69.62,1,1,1,0,1,0.0,0,1.0
3.0,5.06,0,0,1,2,1,0,76.84,0,1,1,0,1,0.0,1,0.0
0.0,1.0,1,1,1,0,0,0,62.81,0,0,1,1,1,1.0,1,1.0
1.0,5.044,0,0,1,2,1,0,74.76,1,1,1,0,1,0.0,0,1.0
0.0,3.048,2,0,1,2,0,0,90.43,1,0,1,0,1,2.0,1,0.0
3.0,5.032,0,0,1,2,1,0,79.97,1,1,1,1,1,0.0,1,0.0
3.0,4.052,2,0,1,2,1,0,67.01,0,1,1,0,1,2.0,0,1.0
0.0,3.058,2,0,1,2,0,0,54.96,1,0,1,0,1,2.0,1,1.0
3.0,4.06,0,0,1,2,1,0,70.51,0,0,1,0,1,0.0,1,1.0
2.0,4.058,2,0,1,2,1,0,59.75,1,1,0,0,1,2.0,1,0.0
1.0,4.056,2,1,1,2,1,1,37.3,1,0,1,0,1,2.0,1,0.0
5.0,6.032,0,0,0,0,0,1,32.61,0,0,1,0,0,0.0,1,1.0
0.0,4.08,2,1,1,2,1,0,52.24,1,1,0,1,1,2.0,1,1.0
0.0,2.044,0,0,1,2,1,0,81.88,0,1,1,0,1,0.0,1,0.0
1.0,5.06,0,0,1,1,1,0,72.26,1,0,1,0,1,0.0,0,0.0
0.0,5.16,0,0,0,2,0,1,49.05,0,0,1,0,1,0.0,1,1.0
0.0,1.0,2,0,1,2,0,0,69.53,0,0,1,0,1,2.0,1,0.0
0.0,4.026,2,1,1,2,1,0,61.32,0,1,1,1,1,2.0,1,1.0
6.0,5.08,0,0,1,2,1,0,86.26,1,1,1,0,1,0.0,1,0.0
3.0,5.034,0,0,0,2,0,0,73.01,0,0,1,1,1,0.0,1,1.0
0.0,3.032,2,0,1,2,0,0,58.16,0,0,1,0,1,2.0,0,0.0
2.0,5.052,2,1,1,0,1,0,57.87,1,1,1,0,1,2.0,0,0.0
0.0,3.044,2,0,1,2,0,1,44.21,0,1,1,0,1,2.0,1,0.0
2.0,3.1,0,0,1,2,1,0,83.58,0,1,1,0,1,0.0,0,1.0
41.0,6.048,0,0,0,0,0,1,40.5,1,0,1,0,0,0.0,1,0.0
1.0,4.036,0,1,1,2,1,0,52.79,0,1,1,0,1,0.0,0,1.0
7.0,5.134,0,0,1,2,0,0,73.24,1,0,1,0,1,0.0,0,1.0
6.0,5.1,0,1,1,2,1,1,48.67,1,1,1,0,1,0.0,1,1.0
0.0,3.03,1,0,1,0,1,0,76.84,1,1,0,1,1,1.0,1,1.0
0.0,3.044,2,0,1,2,1,0,51.74,0,0,1,0,1,2.0,0,0.0
0.0,3.018,2,0,1,2,1,0,70.98,1,1,0,0,1,2.0,1,0.0
10.0,6.062,0,1,1,2,1,0,74.79,0,1,1,0,1,0.0,0,1.0
7.0,6.054,0,1,1,0,1,0,65.47,0,1,1,0,1,0.0,1,1.0
16.0,6.094,2,1,1,2,1,0,64.01,0,1,1,0,1,2.0,0,0.0
6.0,6.044,2,0,1,0,1,0,78.41,1,1,1,0,0,2.0,1,0.0
0.0,4.036,0,1,0,2,1,1,39.86,1,1,0,1,1,0.0,1,1.0
2.0,5.048,0,0,1,0,1,0,63.31,0,1,0,0,0,0.0,1,1.0
15.0,6.05,2,0,1,1,1,1,34.68,1,0,0,0,1,2.0,0,0.0
1.0,5.046,0,0,0,2,0,0,72.69,1,1,1,1,1,0.0,1,0.0
0.0,3.024,2,0,1,2,1,0,63.25,1,1,0,0,1,2.0,1,0.0
2.0,5.056,2,1,0,0,0,0,57.15,1,1,1,0,0,2.0,1,1.0
1.0,4.058,0,1,1,2,1,1,48.22,1,1,0,0,1,0.0,1,1.0
1.0,5.05,0,0,1,2,1,0,83.9,1,1,0,0,1,0.0,0,0.0
0.0,4.042,0,1,1,0,1,1,33.65,1,1,0,0,0,0.0,1,0.0
2.0,4.044,2,1,1,2,1,0,59.05,1,1,0,0,1,2.0,1,0.0
0.0,4.038,0,0,1,2,1,0,65.02,0,0,1,0,1,0.0,0,1.0
13.0,6.086,0,0,1,1,1,0,74.58,0,1,1,0,1,0.0,0,1.0
11.0,6.062,0,1,1,2,1,0,66.58,0,1,0,0,1,0.0,0,1.0
8.0,6.03,2,0,1,1,1,0,66.83,1,1,0,0,1,2.0,1,1.0
3.0,5.056,1,1,1,0,1,1,46.63,0,1,1,0,1,1.0,1,0.0
19.0,6.1,0,1,1,0,1,1,46.87,1,1,1,0,0,0.0,1,0.0
0.0,6.034,1,1,1,0,0,1,40.68,1,1,0,0,0,1.0,1,1.0
15.0,6.1,2,1,0,0,0,0,61.23,0,1,0,0,1,2.0,1,0.0
2.0,5.06,2,1,1,2,1,0,56.28,0,0,1,0,1,2.0,0,1.0
16.0,6.106,1,1,1,2,1,0,68.74,0,1,1,0,1,1.0,0,1.0
0.0,3.04,2,0,1,2,1,0,56.48,0,1,0,0,1,2.0,0,0.0
2.0,5.1,0,0,0,0,0,0,80.38,0,1,1,0,0,0.0,1,1.0
0.0,4.054,0,1,0,2,0,0,56.45,0,1,0,1,1,0.0,1,0.0
0.0,2.022,0,0,1,2,1,0,58.56,1,1,0,0,1,0.0,1,0.0
19.0,6.084,2,0,1,2,1,0,56.41,0,1,1,0,1,2.0,0,1.0
11.0,6.09,1,1,0,2,0,0,68.47,0,1,1,1,1,1.0,1,1.0
0.0,4.032,2,1,0,2,0,0,55.28,1,0,0,1,1,2.0,1,1.0
0.0,4.04,0,1,0,2,0,1,48.58,1,1,0,1,1,0.0,1,1.0
0.0,2.022,1,0,1,2,1,0,73.06,0,1,0,0,1,1.0,1,0.0
0.0,2.0,0,0,1,2,0,0,58.96,0,0,0,1,1,0.0,1,0.0
1.0,5.03,0,0,1,1,1,0,60.71,0,1,0,0,1,0.0,0,0.0
0.0,3.032,0,0,1,2,1,0,72.85,0,1,0,0,1,0.0,0,0.0
17.0,6.36,2,1,1,2,1,0,69.32,0,1,1,0,1,2.0,0,1.0
0.0,5.094,2,1,1,2,1,0,51.01,0,1,1,0,1,2.0,1,0.0
0.0,3.04,0,0,1,2,1,0,57.41,1,1,0,0,1,0.0,1,0.0
1.0,4.036,2,1,1,1,1,0,54.6,0,1,1,0,1,2.0,1,0.0
1.0,5.038,0,0,1,2,1,0,54.06,1,1,0,0,1,0.0,0,0.0
5.0,6.094,0,1,1,2,1,0,56.58,0,1,0,0,1,0.0,0,1.0
0.0,4.042,1,0,0,1,0,0,72.16,0,1,0,1,1,1.0,1,0.0
1.0,4.08,1,0,1,2,1,0,54.22,0,1,1,0,1,1.0,0,1.0
1.0,5.062,2,0,1,2,1,0,58.72,1,1,0,0,1,2.0,0,0.0
3.0,4.042,0,0,1,2,1,0,77.92,1,1,1,0,1,0.0,1,0.0
0.0,4.032,0,1,0,2,0,1,34.92,0,1,0,1,1,0.0,1,0.0
0.0,4.048,1,0,1,0,1,0,73.53,0,0,1,0,0,1.0,1,0.0
7.0,5.032,0,0,1,2,1,0,66.72,1,1,0,0,1,0.0,1,0.0
0.0,3.07,0,0,1,2,1,0,71.1,0,0,0,0,1,0.0,1,0.0
22.0,6.12,2,1,0,2,0,1,44.02,0,1,1,1,1,2.0,1,1.0
6.0,5.044,0,0,1,2,1,0,83.17,0,1,1,0,1,0.0,1,0.0
2.0,4.084,2,1,1,2,1,0,50.48,1,1,1,0,1,2.0,1,0.0
15.0,5.042,2,0,1,2,1,0,81.89,0,1,1,0,1,2.0,0,0.0
4.0,6.04,0,0,1,2,1,0,85.21,0,1,1,0,1,0.0,0,0.0
4.0,6.08,0,0,1,0,1,0,78.86,1,1,1,0,1,0.0,0,0.0
2.0,4.114,0,0,1,2,1,0,63.61,0,1,0,0,1,0.0,1,0.0
0.0,2.028,2,0,1,2,1,0,60.07,1,0,1,1,1,2.0,1,0.0
2.0,5.04,0,1,1,0,1,0,69.79,1,0,1,0,0,0.0,1,1.0
0.0,3.008,0,0,1,2,1,0,68.29,0,0,1,0,1,0.0,1,0.0
0.0,4.026,2,0,0,2,0,0,88.29,0,1,0,1,1,2.0,1,0.0
3.0,4.03,1,0,1,1,1,0,82.17,1,1,0,0,1,1.0,0,0.0
1.0,5.05,0,1,0,0,0,0,57.41,0,1,1,0,0,0.0,1,0.0
0.0,3.03,0,0,1,2,1,0,50.32,0,0,1,0,1,0.0,0,0.0
1.0,5.052,0,1,1,2,1,0,56.73,0,1,0,0,1,0.0,0,0.0
1.0,4.034,1,0,1,2,1,0,71.58,1,0,0,0,1,1.0,1,1.0
0.0,3.052,0,0,1,2,1,0,61.67,0,1,1,0,1,0.0,1,0.0
18.0,5.066,2,0,1,2,1,1,49.87,0,1,0,0,1,2.0,1,1.0
1.0,4.046,0,1,1,2,1,1,40.07,0,1,0,0,1,0.0,0,0.0
0.0,4.048,2,1,0,2,0,0,56.96,1,0,1,1,1,2.0,1,0.0
0.0,4.026,0,1,1,0,1,0,59.45,0,1,1,0,1,0.0,0,1.0
2.0,3.07,0,1,1,2,1,0,54.38,1,1,1,0,1,0.0,1,0.0
0.0,2.032,2,0,1,2,1,0,63.2,1,0,1,0,1,2.0,1,0.0
0.0,4.046,2,0,1,0,1,0,54.43,0,1,0,0,1,2.0,0,0.0
6.0,6.2,2,1,1,1,1,0,61.11,1,1,1,0,1,2.0,0,1.0
0.0,3.04,2,0,1,2,1,0,90.02,1,1,0,0,1,2.0,1,0.0
0.0,3.036,2,0,1,1,1,0,56.84,0,1,0,0,1,2.0,0,0.0
2.0,4.1,1,1,1,2,1,1,49.28,0,1,1,0,1,1.0,1,1.0
2.0,5.068,1,0,1,0,1,0,85.09,0,1,1,0,1,1.0,0,0.0
0.0,3.044,0,0,1,2,1,0,81.44,0,1,0,0,1,0.0,1,1.0
0.0,4.032,2,0,1,0,1,0,60.5,1,1,1,0,0,2.0,1,0.0
0.0,3.042,0,0,1,2,1,0,60.48,0,1,0,0,1,0.0,1,1.0
17.0,6.026,1,1,0,1,0,0,58.98,1,1,1,1,1,1.0,1,1.0
2.0,5.052,2,0,1,0,1,0,87.18,0,0,1,0,0,2.0,1,1.0
4.0,5.14,0,1,1,2,1,1,33.97,0,1,1,0,1,0.0,0,0.0
0.0,4.026,0,1,0,0,0,0,58.35,0,0,0,0,0,0.0,1,1.0
4.0,6.052,2,1,1,2,1,0,60.95,0,1,1,0,1,2.0,1,0.0
3.0,5.078,2,1,1,0,1,0,67.94,0,1,1,0,1,2.0,0,0.0
0.0,2.03,0,0,1,1,1,0,61.78,0,1,0,0,1,0.0,1,0.0
0.0,3.034,2,0,1,2,1,0,76.49,0,1,0,0,1,2.0,0,0.0
0.0,1.022,0,0,1,2,0,0,59.34,0,1,0,0,1,0.0,0,0.0
3.0,5.16,0,1,1,2,1,0,54.29,1,1,1,0,1,0.0,0,1.0
0.0,4.04,2,0,1,2,1,0,54.15,0,1,0,0,1,2.0,0,0.0
0.0,4.05,2,1,0,2,0,0,54.62,0,1,1,1,1,2.0,1,0.0
3.0,4.046,1,0,1,2,1,0,74.02,1,1,1,0,1,1.0,1,0.0
0.0,4.044,0,1,0,0,1,1,33.83,0,1,1,0,0,0.0,1,0.0
0.0,4.026,0,0,1,2,1,0,51.86,0,1,0,0,1,0.0,1,0.0
0.0,4.038,0,1,0,2,0,0,54.22,0,1,0,1,1,0.0,1,1.0
1.0,5.032,2,1,0,0,0,1,39.53,1,1,0,0,0,2.0,1,1.0
2.0,5.042,0,1,1,2,1,1,49.61,0,1,1,0,1,0.0,0,1.0
3.0,5.044,0,1,1,0,1,1,38.72,0,1,0,0,1,0.0,0,0.0
7.0,6.1,0,1,1,2,1,0,60.78,1,1,1,0,1,0.0,0,1.0
0.0,4.064,0,1,1,2,1,0,57.57,0,1,1,0,1,0.0,1,0.0
0.0,3.03,1,0,1,2,0,0,57.36,1,1,0,0,1,1.0,1,0.0
0.0,2.05,0,0,1,2,1,0,50.64,0,1,1,1,1,0.0,1,0.0
0.0,4.02,1,1,0,0,1,1,41.46,1,0,1,1,1,1.0,1,0.0
10.0,5.06,1,0,1,2,1,0,81.9,1,1,1,0,1,1.0,1,0.0
0.0,3.06,0,0,1,2,1,1,43.4,1,1,1,0,1,0.0,0,0.0
0.0,4.056,0,0,1,2,1,0,85.21,1,1,0,0,1,0.0,0,0.0
21.0,6.08,2,1,0,2,0,0,77.22,0,1,1,1,1,2.0,1,1.0
7.0,6.038,1,1,1,2,1,0,63.19,1,1,1,1,1,1.0,1,1.0
4.0,4.052,0,1,1,2,1,0,60.0,1,1,1,0,1,0.0,1,0.0
0.0,3.058,0,0,1,0,1,0,57.27,1,1,0,0,1,0.0,1,0.0
0.0,3.008,1,0,1,2,1,0,50.15,0,0,1,1,1,1.0,1,0.0
0.0,4.044,0,1,1,2,0,1,36.56,1,1,0,1,1,0.0,1,0.0
0.0,4.042,2,1,1,0,1,1,48.93,1,1,0,0,1,2.0,1,0.0
5.0,6.06,1,1,1,2,1,0,56.41,0,1,0,1,1,1.0,1,0.0
0.0,3.046,0,0,1,0,1,0,60.77,0,1,0,0,1,0.0,1,0.0
0.0,4.042,2,0,1,2,1,0,68.16,0,1,0,0,1,2.0,1,1.0
1.0,3.024,2,0,1,2,1,0,56.38,1,1,0,0,1,2.0,1,0.0
1.0,5.042,0,1,0,2,0,0,60.74,0,1,0,0,1,0.0,0,1.0
0.0,4.036,2,0,1,2,1,0,58.71,1,1,0,0,1,2.0,1,0.0
0.0,3.022,1,0,1,0,1,1,42.68,0,0,0,0,1,1.0,0,0.0
0.0,4.022,1,0,1,2,1,1,41.48,1,1,0,0,1,1.0,0,0.0
1.0,5.12,2,0,1,2,1,0,71.84,1,1,1,0,1,2.0,0,0.0
0.0,3.062,2,0,1,2,1,0,59.84,0,1,1,0,1,2.0,1,0.0
0.0,2.048,2,0,1,2,1,0,56.74,0,1,0,0,1,2.0,1,0.0
1.0,4.064,0,0,1,2,1,0,73.39,1,1,1,0,1,0.0,1,0.0
1.0,4.04,0,1,1,2,1,1,42.89,1,1,0,0,1,0.0,0,0.0
0.0,4.03,0,1,0,2,0,0,62.81,1,1,0,1,1,0.0,1,0.0
0.0,3.034,2,0,1,1,1,1,47.92,1,1,0,0,1,2.0,1,0.0
23.0,6.13,2,1,1,1,1,0,61.99,1,1,1,0,1,2.0,1,0.0
3.0,4.06,0,0,1,2,1,0,52.2,1,1,1,0,1,0.0,1,0.0
0.0,2.0,1,0,0,0,0,0,54.08,0,0,1,0,1,1.0,1,0.0
0.0,4.02,2,1,1,2,1,1,40.65,1,0,0,0,1,2.0,1,0.0
0.0,4.05,0,1,0,2,0,1,48.47,1,1,0,1,1,0.0,1,0.0
0.0,4.03,0,0,0,2,0,0,72.18,0,0,0,0,1,0.0,0,0.0
2.0,4.038,2,0,1,2,1,0,73.22,1,1,1,0,1,2.0,1,1.0
1.0,5.052,2,1,1,2,1,0,53.64,0,1,1,0,1,2.0,1,1.0
7.0,5.05,0,1,1,2,1,0,67.46,1,0,1,0,1,0.0,0,1.0
0.0,4.032,0,1,0,1,1,0,60.12,0,1,1,0,1,0.0,1,1.0
3.0,5.07,0,1,0,2,1,0,59.07,1,1,1,0,1,0.0,0,1.0
2.0,5.034,1,1,1,2,1,0,51.56,1,1,1,0,1,1.0,1,0.0
0.0,3.024,1,0,1,2,1,1,46.66,0,1,0,0,1,1.0,1,1.0
0.0,4.04,0,0,1,2,1,0,67.88,1,1,0,0,1,0.0,0,0.0
1.0,3.028,0,1,1,2,1,0,59.8,0,1,0,0,1,0.0,1,0.0
26.0,6.074,0,1,1,2,1,0,61.89,1,1,1,0,1,0.0,0,1.0
0.0,1.04,1,0,1,0,0,0,64.21,1,0,1,0,0,1.0,1,0.0
0.0,2.024,0,0,1,2,1,0,66.11,0,1,0,1,1,0.0,1,0.0
0.0,4.038,0,1,1,2,1,1,38.86,1,1,1,0,1,0.0,0,0.0
5.0,6.046,2,1,1,2,1,1,39.3,0,1,1,0,1,2.0,0,1.0
0.0,5.054,0,0,1,0,1,1,45.9,1,1,0,0,0,0.0,1,0.0
1.0,5.104,1,1,1,2,1,0,74.46,0,1,1,0,1,1.0,1,0.0
6.0,6.052,2,0,1,2,1,0,83.92,0,1,1,0,1,2.0,0,0.0
0.0,4.024,0,1,1,2,1,0,51.45,0,1,0,0,1,0.0,1,0.0
0.0,4.48,0,0,1,2,1,0,66.73,0,1,1,0,1,0.0,1,0.0
0.0,5.06,0,0,1,0,1,0,76.84,1,0,1,0,0,0.0,1,0.0
1.0,4.03,0,0,1,2,0,0,60.12,0,0,1,0,1,0.0,0,1.0
0.0,3.064,0,0,1,2,1,0,76.32,0,1,1,0,1,0.0,1,1.0
8.0,6.058,0,1,1,0,1,0,61.53,1,1,1,0,0,0.0,1,1.0
14.0,5.04,2,0,1,0,1,0,86.99,0,1,1,0,1,2.0,1,0.0
0.0,2.032,2,0,1,2,1,0,82.35,1,0,0,0,1,2.0,1,0.0
0.0,4.056,0,0,0,0,0,0,69.88,1,0,1,1,1,0.0,1,0.0
0.0,4.05,0,1,1,2,1,1,47.71,0,0,1,0,1,0.0,0,0.0
0.0,4.044,2,1,0,0,0,1,48.39,1,0,1,0,0,2.0,1,1.0
1.0,4.034,2,0,1,2,1,0,61.28,1,0,1,0,1,2.0,1,0.0
14.0,6.046,0,1,1,2,1,0,74.96,0,1,1,0,1,0.0,0,1.0
0.0,4.04,0,0,1,0,1,0,68.99,0,1,0,0,1,0.0,0,1.0
0.0,2.04,2,0,1,2,1,0,61.79,1,1,1,0,1,2.0,0,0.0
0.0,3.13,2,0,1,1,1,0,76.22,0,1,0,0,1,2.0,1,0.0
1.0,5.042,0,0,1,2,1,0,71.21,1,1,0,0,1,0.0,0,1.0
4.0,5.11,0,1,1,0,1,1,48.1,0,1,1,0,1,0.0,1,1.0
5.0,6.042,2,0,1,2,1,0,68.47,1,1,0,0,1,2.0,0,1.0
0.0,3.02,1,0,1,2,1,0,51.42,0,1,0,0,1,1.0,0,0.0
6.0,5.084,1,1,1,2,1,0,59.64,0,1,1,0,1,1.0,1,1.0
1.0,4.058,2,0,1,0,1,0,70.53,0,1,0,0,1,2.0,1,0.0
2.0,5.08,2,1,1,0,1,1,33.8,0,1,1,0,1,2.0,0,1.0
14.0,6.052,2,0,0,2,0,0,96.29,1,1,1,1,1,2.0,1,1.0
0.0,4.06,0,0,0,2,0,0,84.76,1,0,1,1,1,0.0,1,0.0
0.0,3.044,0,0,1,2,1,0,75.67,0,0,1,0,1,0.0,1,0.0
0.0,4.04,0,0,1,2,1,1,41.31,1,0,1,0,1,0.0,0,0.0
1.0,5.056,0,0,1,2,1,0,76.72,1,1,1,0,1,0.0,0,1.0
1.0,4.13,1,0,1,2,1,0,77.99,0,1,1,0,1,1.0,1,0.0
1.0,4.048,1,1,1,0,1,0,50.41,0,1,1,0,1,1.0,0,0.0
0.0,3.044,0,0,0,2,0,0,76.35,1,0,1,0,1,0.0,1,0.0
25.0,5.07,2,0,1,0,1,0,59.96,1,1,1,0,1,2.0,0,1.0
15.0,6.06,0,1,1,0,1,0,60.27,1,1,1,0,1,0.0,0,0.0
0.0,4.034,0,0,1,2,1,0,84.0,0,0,1,0,1,0.0,0,1.0
0.0,1.11,1,0,1,2,0,0,74.94,0,0,1,0,1,1.0,0,0.0
13.0,5.18,0,1,0,0,0,0,62.34,0,1,1,0,0,0.0,1,1.0
1.0,5.09,0,0,1,1,1,0,77.96,1,1,1,0,1,0.0,0,0.0
0.0,3.032,0,0,1,1,1,0,77.48,0,1,0,0,1,0.0,1,0.0
2.0,4.034,0,1,1,2,1,0,64.55,0,1,1,0,1,0.0,1,0.0
9.0,5.048,0,0,1,2,1,0,77.48,1,1,1,0,1,0.0,0,1.0
1.0,4.048,2,1,1,2,1,1,46.85,1,1,0,0,1,2.0,1,1.0
9.0,6.054,2,0,1,2,1,0,70.5,0,1,1,0,1,2.0,0,0.0
8.0,6.05,2,1,1,2,1,1,32.99,1,1,1,0,1,2.0,0,1.0
1.0,4.042,0,0,1,2,1,0,79.52,1,0,1,0,1,0.0,1,0.0
0.0,3.036,0,0,1,0,1,0,58.08,1,0,1,0,1,0.0,1,0.0
0.0,3.036,2,0,1,2,1,0,83.19,1,0,1,0,1,2.0,0,1.0
2.0,5.06,2,1,1,0,1,0,53.1,0,1,1,0,1,2.0,0,0.0
5.0,6.05,0,0,0,2,0,0,76.81,1,1,1,1,1,0.0,1,0.0
2.0,4.028,0,1,1,2,1,0,51.15,0,0,1,0,1,0.0,0,1.0
2.0,4.036,0,0,1,2,1,0,71.3,1,1,1,0,1,0.0,1,0.0
0.0,4.048,1,0,1,0,1,0,75.65,1,0,1,0,1,1.0,0,0.0
0.0,3.12,2,1,0,2,0,0,60.2,1,1,1,1,1,2.0,1,0.0
1.0,5.038,2,1,1,2,1,1,48.99,0,0,1,0,1,2.0,0,0.0
3.0,4.006,0,0,0,0,0,1,38.75,0,0,1,0,0,0.0,1,0.0
3.0,5.076,0,0,1,2,1,0,75.98,0,1,1,0,1,0.0,0,0.0
0.0,2.08,1,0,1,2,1,0,72.14,1,0,1,1,1,1.0,1,0.0
0.0,3.034,2,0,1,2,1,0,63.86,1,0,1,0,1,2.0,1,0.0
1.0,5.05,2,1,1,2,1,1,38.9,0,1,1,0,1,2.0,0,0.0
1.0,5.028,0,1,1,2,1,0,62.97,1,1,0,1,1,0.0,1,0.0
1.0,4.06,0,0,1,2,1,0,70.04,1,1,1,0,1,0.0,1,0.0
0.0,3.024,1,0,1,2,1,0,66.52,1,1,0,0,1,1.0,1,0.0
1.0,4.032,0,0,1,1,1,0,64.28,0,0,1,0,1,0.0,1,0.0
0.0,4.04,0,0,1,2,1,0,61.11,1,1,0,0,1,0.0,1,1.0
0.0,5.04,2,0,0,2,0,0,54.1,1,0,1,1,1,2.0,1,0.0
0.0,3.02,2,0,1,2,1,0,63.98,0,1,0,0,1,2.0,0,0.0
0.0,4.04,0,1,1,0,1,1,38.35,1,1,0,0,1,0.0,0,0.0
1.0,4.05,2,1,1,2,1,0,84.41,0,1,1,0,1,2.0,1,1.0
0.0,3.04,2,0,1,2,1,0,51.92,0,1,0,0,1,2.0,1,0.0
0.0,4.01,2,0,1,2,0,0,55.99,1,0,1,0,1,2.0,1,0.0
0.0,4.028,2,0,1,2,1,0,76.5,1,0,0,1,1,2.0,1,0.0
0.0,4.024,0,0,1,2,1,1,26.36,1,1,0,0,1,0.0,0,1.0
0.0,4.062,0,0,1,2,1,0,75.71,1,1,1,0,1,0.0,0,0.0
1.0,4.064,1,0,1,2,1,0,66.95,0,1,1,0,1,1.0,1,0.0
0.0,4.036,0,1,0,2,0,0,50.39,0,1,0,0,1,0.0,1,0.0
0.0,3.026,0,0,1,2,1,0,66.09,1,1,0,0,1,0.0,1,0.0
1.0,4.028,2,0,1,2,1,0,56.34,1,1,0,0,1,2.0,1,0.0
0.0,2.04,0,0,1,2,0,0,79.12,0,1,0,0,1,0.0,1,0.0
12.0,6.12,0,0,1,0,1,0,73.46,0,1,1,1,1,0.0,1,0.0
5.0,5.06,0,0,1,2,1,0,71.06,0,1,1,0,1,0.0,1,0.0
6.0,5.066,0,0,1,2,1,0,67.06,0,1,1,0,1,0.0,1,1.0
4.0,4.016,2,0,1,2,1,0,60.62,1,1,0,0,1,2.0,1,0.0
2.0,4.042,0,0,1,2,1,0,79.48,0,1,1,0,1,0.0,0,0.0
1.0,5.042,2,0,1,0,1,0,85.12,1,0,1,0,1,2.0,1,1.0
2.0,5.056,2,0,1,2,1,0,69.95,0,1,0,0,1,2.0,0,1.0
0.0,2.048,2,0,1,2,1,0,82.5,1,1,0,0,1,2.0,1,0.0
0.0,1.12,2,0,1,2,0,0,69.73,0,0,1,0,1,2.0,1,0.0
0.0,4.2,0,1,0,0,0,1,35.9,1,1,1,0,0,0.0,1,1.0
0.0,3.2,2,0,1,2,1,0,58.65,0,1,1,0,1,2.0,1,0.0
2.0,5.05,0,1,0,1,1,0,60.89,0,1,0,1,1,0.0,1,0.0
0.0,3.09,2,0,0,2,0,0,82.87,0,1,0,1,1,2.0,1,1.0
22.0,6.32,0,1,1,0,1,0,52.43,1,1,1,0,1,0.0,0,1.0
0.0,3.016,0,0,1,0,1,0,78.78,0,0,1,0,1,0.0,1,1.0
0.0,4.028,0,0,1,0,1,0,50.94,0,1,0,0,0,0.0,1,1.0
0.0,4.032,0,1,0,0,0,0,57.76,0,0,1,0,0,0.0,1,0.0
10.0,6.168,0,1,0,2,0,0,78.27,0,1,1,1,1,0.0,1,1.0
9.0,6.05,0,1,1,2,1,0,61.31,1,1,0,0,1,0.0,0,1.0
0.0,6.068,0,0,1,0,1,0,76.24,0,1,0,0,1,0.0,0,1.0
0.0,4.058,0,1,0,2,1,0,58.83,1,1,0,1,1,0.0,1,0.0
1.0,4.028,0,0,1,2,1,0,82.34,1,1,1,0,1,0.0,1,0.0
0.0,4.078,0,1,0,2,0,0,59.22,0,1,1,1,1,0.0,1,1.0
0.0,1.0,2,0,1,2,0,0,54.85,1,0,1,1,1,2.0,1,0.0
4.0,6.07,0,0,1,2,0,0,79.41,0,0,1,0,1,0.0,0,1.0
0.0,2.06,2,0,1,2,0,0,73.64,1,0,1,0,1,2.0,1,0.0
0.0,4.094,2,0,1,2,1,0,73.39,0,0,0,0,1,2.0,0,1.0
15.0,6.046,2,1,1,2,1,0,56.47,0,1,0,0,1,2.0,0,1.0
0.0,2.0,2,0,1,2,1,0,52.21,1,0,0,1,1,2.0,1,1.0
2.0,3.074,2,0,1,2,1,0,83.68,1,0,1,0,1,2.0,1,0.0
3.0,5.056,2,1,1,2,1,0,57.41,0,1,1,1,1,2.0,1,0.0
1.0,5.038,0,0,1,0,1,0,79.61,0,1,1,0,0,0.0,1,0.0
1.0,4.092,2,0,1,2,0,1,41.32,0,0,1,0,1,2.0,1,0.0
3.0,4.05,2,1,1,2,1,0,50.62,1,0,1,0,1,2.0,0,1.0
3.0,5.066,0,1,0,2,0,0,68.19,0,1,0,0,1,0.0,1,0.0
1.0,4.044,2,0,1,2,1,0,83.01,0,0,1,0,1,2.0,1,0.0
0.0,4.056,0,0,0,2,1,0,70.6,1,1,1,1,1,0.0,1,1.0
0.0,2.074,1,0,1,0,0,0,72.14,0,0,1,0,0,1.0,1,0.0
0.0,3.04,0,0,0,0,0,0,57.96,0,1,0,0,0,0.0,1,1.0
0.0,4.03,2,0,0,0,1,0,60.29,1,0,1,0,0,2.0,1,0.0
0.0,2.03,2,0,1,0,0,0,54.11,0,0,0,0,1,2.0,1,0.0
1.0,4.04,2,0,1,2,1,0,62.59,0,0,1,1,1,2.0,1,0.0
0.0,2.02,0,0,1,2,0,0,52.98,0,1,0,0,1,0.0,1,1.0
1.0,3.05,1,0,1,2,1,0,58.99,0,0,1,0,1,1.0,1,0.0
0.0,4.04,0,0,1,2,1,0,59.63,0,0,1,0,1,0.0,0,0.0
10.0,4.03,0,1,0,2,0,1,43.72,0,0,1,0,1,0.0,1,1.0
0.0,3.036,2,0,1,2,0,0,65.07,0,1,0,0,1,2.0,1,1.0
0.0,4.036,0,0,1,2,1,0,63.3,0,1,0,0,1,0.0,0,1.0
0.0,3.032,0,0,1,0,0,0,66.22,1,1,0,0,1,0.0,1,1.0
2.0,3.028,2,0,1,2,1,0,53.53,1,1,0,0,1,2.0,1,1.0
0.0,4.032,0,0,1,0,1,0,62.54,1,1,0,0,0,0.0,1,1.0
1.0,5.03,2,0,1,2,1,0,61.22,0,1,1,0,1,2.0,1,0.0
3.0,5.03,0,1,0,0,0,1,36.52,0,1,1,0,0,0.0,1,1.0
0.0,4.02,0,0,1,0,1,0,70.69,0,1,0,0,1,0.0,0,0.0
3.0,5.07,2,1,0,1,0,1,30.67,1,1,1,0,1,2.0,0,1.0
0.0,3.006,1,0,1,2,0,1,34.2,1,1,0,0,1,1.0,1,1.0
6.0,6.054,2,0,1,2,1,0,69.45,0,1,1,0,1,2.0,1,1.0
0.0,3.048,2,0,1,2,1,0,62.56,0,0,1,0,1,2.0,1,1.0
1.0,5.034,0,0,1,2,1,0,68.76,0,1,0,0,1,0.0,0,0.0
0.0,3.03,0,0,1,2,0,0,61.78,0,1,0,0,1,0.0,0,0.0
0.0,3.03,2,0,1,2,1,0,66.36,0,0,1,0,1,2.0,0,1.0
0.0,3.03,2,0,1,2,0,1,48.07,0,0,1,0,1,2.0,1,1.0
1.0,3.022,0,0,1,2,1,0,54.59,1,1,0,0,1,0.0,1,1.0
1.0,4.04,0,1,0,2,0,1,47.94,0,0,1,0,1,0.0,1,0.0
0.0,2.018,0,0,0,1,0,1,44.82,0,1,0,0,1,0.0,1,0.0
0.0,4.016,0,0,0,2,0,0,60.59,0,0,0,0,1,0.0,1,1.0
3.0,3.03,2,0,1,2,1,1,44.88,1,1,0,0,1,2.0,1,0.0
11.0,6.08,0,1,0,2,0,1,28.62,0,1,1,0,1,0.0,0,1.0
4.0,6.07,0,0,1,2,1,0,61.99,0,1,1,0,1,0.0,0,0.0
1.0,5.024,0,1,0,0,0,1,49.94,0,1,0,0,0,0.0,1,0.0
3.0,5.03,0,1,0,0,0,1,48.25,0,1,1,0,0,0.0,1,1.0
0.0,3.06,0,0,1,2,1,1,45.57,1,1,1,0,1,0.0,1,1.0
1.0,4.06,0,0,1,2,1,1,46.85,1,1,1,0,1,0.0,0,1.0
0.0,2.038,0,0,1,2,0,0,68.23,1,0,1,0,1,0.0,1,0.0
0.0,2.026,2,0,1,2,0,0,60.13,1,0,1,0,1,2.0,1,0.0
0.0,2.06,2,0,1,0,0,1,47.48,1,0,1,0,1,2.0,1,1.0
0.0,3.07,2,0,1,2,1,0,51.36,1,0,1,0,1,2.0,1,1.0
1.0,5.074,0,1,0,0,0,1,30.95,0,1,0,1,1,0.0,1,0.0
0.0,3.07,2,0,0,2,1,0,66.11,0,0,1,0,1,2.0,1,1.0
4.0,6.09,1,1,0,0,0,1,38.16,1,0,1,0,0,1.0,1,1.0
2.0,4.03,2,0,1,2,1,0,63.1,1,1,0,0,1,2.0,1,1.0
0.0,3.052,2,0,1,2,1,0,70.32,1,0,1,0,1,2.0,0,0.0
1.0,4.03,1,0,1,2,1,0,57.48,0,1,0,1,1,1.0,1,1.0
0.0,4.034,2,0,1,0,1,0,65.79,0,1,0,0,1,2.0,1,0.0
1.0,5.042,0,0,1,2,1,0,53.11,0,1,0,0,1,0.0,0,0.0
0.0,3.03,0,0,1,2,0,0,59.9,0,1,0,0,1,0.0,0,0.0
5.0,5.09,0,0,1,2,1,0,60.32,1,0,0,0,1,0.0,1,0.0
0.0,4.032,1,0,1,1,1,0,56.79,0,1,0,0,1,1.0,1,1.0
0.0,4.034,2,0,1,1,1,0,54.4,1,1,0,0,1,2.0,0,0.0
7.0,5.07,2,0,1,1,1,0,66.06,1,0,1,0,1,2.0,0,0.0
1.0,4.034,1,0,1,2,1,0,62.76,0,0,1,0,1,1.0,0,1.0
0.0,3.04,0,0,1,2,0,1,36.8,0,1,0,0,1,0.0,0,1.0
1.0,4.06,2,0,1,0,1,0,64.32,0,0,1,0,1,2.0,0,0.0
3.0,5.056,0,0,1,0,1,0,62.36,0,1,1,0,0,0.0,1,1.0
0.0,3.05,2,0,1,2,0,1,47.03,0,0,1,0,1,2.0,0,1.0
0.0,3.034,0,0,1,2,0,1,40.79,0,1,0,0,1,0.0,1,0.0
1.0,4.07,1,0,1,0,1,0,50.38,0,0,1,0,1,1.0,0,1.0
0.0,3.05,0,0,1,2,1,0,67.62,1,0,1,0,1,0.0,0,0.0
0.0,3.024,2,0,1,2,0,1,42.07,1,1,0,0,1,2.0,1,0.0
1.0,5.04,2,0,1,2,1,0,57.94,0,1,1,0,1,2.0,0,1.0
0.0,2.03,2,0,1,2,0,0,50.07,0,0,1,0,1,2.0,0,0.0
1.0,4.026,2,0,1,2,1,0,70.35,0,1,0,0,1,2.0,0,0.0
0.0,3.036,0,0,1,2,0,0,63.01,1,1,0,0,1,0.0,0,1.0
0.0,3.026,2,0,1,0,0,0,65.25,1,1,0,0,1,2.0,0,0.0
0.0,2.044,1,0,1,2,0,0,64.25,1,1,0,0,1,1.0,1,0.0
0.0,2.038,0,0,1,2,0,0,61.95,0,0,1,0,1,0.0,1,0.0
0.0,4.036,2,0,1,2,1,1,40.06,0,1,0,0,1,2.0,1,0.0
0.0,1.032,2,0,0,2,0,0,57.39,1,1,0,0,1,2.0,1,0.0
0.0,4.022,0,0,1,0,1,1,35.97,1,1,0,0,1,0.0,1,0.0
1.0,5.022,2,1,0,2,0,1,36.5,1,1,1,1,1,2.0,1,0.0
2.0,5.046,0,1,0,2,0,1,42.9,1,1,1,0,1,0.0,1,0.0
1.0,4.018,0,0,1,2,0,0,56.85,0,1,0,1,1,0.0,1,0.0
0.0,4.04,2,0,1,2,1,0,59.84,1,0,1,0,1,2.0,1,0.0
0.0,3.054,0,0,1,1,1,0,67.12,1,0,1,0,1,0.0,0,0.0
0.0,3.028,2,0,1,2,0,0,60.48,0,0,1,0,1,2.0,1,0.0
1.0,5.054,0,1,0,2,0,0,58.48,1,1,1,1,1,0.0,1,1.0
0.0,3.026,2,0,1,2,0,0,61.08,1,1,0,0,1,2.0,1,0.0
0.0,4.038,0,0,1,0,1,0,60.76,1,0,1,0,0,0.0,1,0.0
0.0,3.028,2,0,1,2,0,0,55.8,1,0,1,0,1,2.0,1,0.0
0.0,3.01,0,0,0,2,0,0,58.85,0,0,1,1,1,0.0,1,1.0
18.0,6.07,0,0,1,0,1,0,65.04,0,1,1,0,0,0.0,1,1.0
1.0,4.03,2,0,1,2,1,0,60.11,1,0,1,0,1,2.0,1,0.0
0.0,4.052,2,0,0,2,1,0,60.65,1,1,1,1,1,2.0,1,1.0
11.0,6.062,2,1,0,2,0,1,31.48,1,1,1,0,1,2.0,1,1.0
0.0,4.032,0,0,1,2,1,0,58.69,1,1,0,0,1,0.0,1,1.0
0.0,3.046,2,0,1,2,0,1,36.25,1,1,0,0,1,2.0,0,0.0
0.0,3.044,0,0,1,2,1,0,61.53,0,0,1,0,1,0.0,1,0.0
1.0,5.044,2,1,0,2,0,1,45.3,0,1,1,1,1,2.0,1,0.0
0.0,4.052,2,0,1,2,1,0,63.94,1,0,1,0,1,2.0,0,0.0
1.0,3.04,2,0,1,2,1,0,59.58,0,0,1,0,1,2.0,1,0.0
2.0,3.04,0,0,1,2,1,1,47.1,1,0,1,0,1,0.0,1,1.0
0.0,4.03,1,0,0,0,1,0,66.84,0,0,1,0,0,1.0,1,1.0
0.0,3.026,2,0,1,2,0,0,68.18,1,0,1,0,1,2.0,1,0.0
9.0,5.05,1,0,1,2,1,0,59.29,0,0,1,0,1,1.0,1,1.0
0.0,3.05,0,0,1,2,1,1,49.83,0,1,0,0,1,0.0,1,1.0
1.0,5.05,0,1,0,2,0,1,34.83,0,1,1,0,1,0.0,1,1.0
5.0,6.04,0,1,0,2,0,0,59.6,1,1,0,1,1,0.0,1,0.0
0.0,2.032,0,0,1,2,0,1,48.93,0,1,0,0,1,0.0,1,0.0
2.0,5.06,0,1,0,2,0,1,33.9,0,1,1,1,1,0.0,1,1.0
0.0,2.04,1,0,1,2,0,0,59.13,0,0,1,0,1,1.0,1,0.0
8.0,6.05,0,1,0,0,0,1,45.74,1,1,1,0,1,0.0,0,1.0
5.0,6.074,0,1,0,0,0,1,37.01,1,1,1,0,0,0.0,1,1.0
0.0,2.026,0,0,1,1,0,0,58.14,0,0,0,0,1,0.0,0,1.0
1.0,4.04,0,1,0,2,0,0,53.31,0,1,1,1,1,0.0,1,0.0
0.0,3.034,0,0,1,2,0,1,46.9,0,0,1,0,1,0.0,1,1.0
0.0,4.036,0,0,1,2,1,0,63.1,1,1,0,0,1,0.0,0,0.0
0.0,2.03,0,0,1,2,0,1,44.08,0,0,1,0,1,0.0,1,0.0
1.0,5.034,0,0,1,0,1,0,70.19,1,0,1,0,1,0.0,1,0.0
0.0,4.054,0,0,0,2,1,0,66.97,0,0,1,0,1,0.0,1,1.0
0.0,3.03,2,0,1,2,0,1,36.47,1,0,1,0,1,2.0,1,0.0
0.0,3.03,0,0,1,2,0,1,39.07,1,1,0,0,1,0.0,0,1.0
0.0,2.024,0,0,1,2,0,0,52.67,0,1,0,0,1,0.0,1,0.0
0.0,3.036,0,0,1,2,0,1,43.08,1,1,0,0,1,0.0,0,1.0
3.0,4.06,2,0,1,2,1,0,69.79,0,1,1,0,1,2.0,0,1.0
2.0,5.06,0,1,0,2,0,1,31.02,0,1,1,1,1,0.0,1,0.0
0.0,4.05,2,0,1,2,1,0,69.67,0,0,1,0,1,2.0,1,0.0
4.0,5.02,2,0,1,2,1,0,53.99,0,1,0,1,1,2.0,1,1.0
7.0,6.06,2,0,1,0,1,0,69.48,1,1,1,0,0,2.0,1,1.0
2.0,5.036,2,0,1,2,1,0,50.3,0,1,1,0,1,2.0,0,0.0
0.0,3.026,0,0,1,1,0,0,66.86,1,1,1,0,1,0.0,1,0.0
2.0,4.05,0,0,1,2,1,1,46.49,0,0,1,0,1,0.0,1,1.0
2.0,4.03,2,0,1,2,1,0,69.6,0,1,0,0,1,2.0,1,1.0
0.0,2.03,0,0,1,2,0,1,40.02,1,0,0,0,1,0.0,1,0.0
1.0,4.03,2,0,1,0,1,0,56.26,0,1,0,0,0,2.0,1,0.0
0.0,4.04,2,0,1,0,1,0,64.04,0,1,0,0,0,2.0,1,0.0
0.0,2.03,1,0,1,2,0,1,48.47,1,0,1,0,1,1.0,1,0.0
0.0,4.04,1,0,0,2,1,0,63.65,1,1,1,1,1,1.0,1,0.0
1.0,5.036,2,0,1,0,1,1,46.7,0,1,0,0,0,2.0,1,0.0
0.0,4.032,0,0,1,2,1,0,58.1,0,1,0,0,1,0.0,1,0.0
0.0,4.024,2,0,1,2,1,0,61.42,1,0,1,0,1,2.0,0,0.0
1.0,5.024,0,1,0,1,0,0,50.45,0,1,1,0,1,0.0,1,0.0
1.0,4.06,0,0,1,2,1,0,62.32,1,0,1,0,1,0.0,0,0.0
0.0,3.046,2,0,1,2,0,1,45.75,0,1,0,0,1,2.0,1,0.0
6.0,5.04,2,0,1,2,1,0,60.09,0,1,1,1,1,2.0,1,1.0
0.0,3.024,2,0,1,0,0,1,48.48,0,0,1,0,1,2.0,0,1.0
0.0,2.024,2,0,1,2,0,0,51.94,0,1,0,0,1,2.0,1,0.0
1.0,3.046,2,0,1,2,1,0,50.37,0,1,0,0,1,2.0,1,1.0
1.0,5.03,0,1,0,2,0,1,39.7,0,1,0,1,1,0.0,1,0.0
0.0,4.02,0,0,1,2,1,0,56.83,1,0,1,0,1,0.0,0,0.0
1.0,5.044,2,0,1,2,1,0,63.08,1,1,0,0,1,2.0,0,0.0
1.0,5.026,0,1,0,0,0,1,37.89,0,1,0,0,0,0.0,1,0.0
0.0,4.044,0,0,1,2,1,1,49.92,1,1,0,0,1,0.0,0,0.0
0.0,4.034,0,0,1,0,1,0,60.93,0,1,0,0,1,0.0,0,1.0
2.0,5.042,0,1,0,0,0,1,46.76,1,1,1,0,1,0.0,0,1.0
0.0,2.03,0,0,1,2,0,0,50.01,1,1,0,0,1,0.0,1,0.0
0.0,3.038,0,0,1,2,1,0,69.07,1,0,1,0,1,0.0,1,1.0
0.0,3.044,0,0,1,1,1,0,54.64,1,1,0,0,1,0.0,1,0.0
0.0,3.026,0,0,1,2,0,0,53.19,0,1,0,0,1,0.0,1,0.0
0.0,4.07,2,0,0,2,1,0,67.2,0,0,1,1,1,2.0,1,0.0
0.0,3.032,2,0,1,2,0,0,57.17,1,1,0,0,1,2.0,1,0.0
0.0,4.06,2,0,1,2,1,0,59.53,1,0,1,0,1,2.0,0,0.0
1.0,5.086,0,1,0,2,0,0,55.3,1,1,1,1,1,0.0,1,1.0
2.0,5.08,2,1,0,2,0,1,47.74,1,1,1,1,1,2.0,1,0.0
1.0,5.072,2,0,1,2,1,0,65.69,1,1,1,0,1,2.0,0,1.0
0.0,4.034,0,0,0,2,0,0,62.87,0,1,0,1,1,0.0,1,0.0
6.0,6.04,0,1,0,2,0,1,43.51,1,1,0,1,1,0.0,1,1.0
0.0,2.04,0,0,1,2,0,1,46.7,0,0,1,0,1,0.0,1,1.0
2.0,5.036,0,1,0,2,0,0,60.29,1,1,1,1,1,0.0,1,0.0
0.0,3.03,0,0,1,2,0,0,50.54,1,1,1,0,1,0.0,1,0.0
2.0,5.06,0,0,1,2,1,0,68.5,1,1,1,0,1,0.0,0,1.0
0.0,3.05,2,0,1,2,0,1,43.68,1,1,1,0,1,2.0,1,1.0
0.0,3.038,0,0,1,2,0,0,65.58,0,0,0,0,1,0.0,1,0.0
2.0,5.076,0,0,1,2,1,0,56.73,0,1,1,0,1,0.0,0,0.0
2.0,4.04,0,0,1,2,1,0,60.34,1,1,0,0,1,0.0,0,0.0
0.0,4.03,0,0,1,0,1,0,58.55,0,1,0,0,0,0.0,1,1.0
0.0,3.04,2,0,1,0,0,1,28.96,1,1,1,0,1,2.0,0,1.0
2.0,3.054,0,0,1,2,1,1,48.34,0,0,1,0,1,0.0,1,0.0
2.0,4.032,0,0,1,2,1,0,61.07,1,1,0,0,1,0.0,1,1.0
0.0,2.024,0,0,1,2,0,0,63.06,0,0,0,0,1,0.0,1,1.0
0.0,4.034,0,0,1,0,1,0,62.39,1,0,1,0,0,0.0,1,0.0
4.0,6.044,2,1,0,0,0,0,50.26,1,1,1,1,1,2.0,1,0.0
1.0,5.032,0,1,0,2,0,1,42.17,1,1,1,1,1,0.0,1,0.0
1.0,5.056,2,1,0,1,0,0,59.78,0,1,0,1,1,2.0,1,0.0
1.0,4.032,2,0,1,0,1,0,66.76,0,1,1,0,1,2.0,0,0.0
0.0,3.026,2,0,1,2,0,0,54.95,0,0,1,0,1,2.0,1,1.0
0.0,4.028,0,0,1,2,1,1,43.6,0,1,1,0,1,0.0,1,1.0
0.0,4.026,0,0,0,2,1,0,58.31,1,1,0,1,1,0.0,1,0.0
1.0,5.034,0,1,0,2,0,1,44.94,0,1,1,0,1,0.0,1,0.0
0.0,2.034,2,0,0,2,0,0,63.03,1,0,1,0,1,2.0,1,0.0
0.0,3.034,0,0,1,2,0,0,58.31,0,1,0,0,1,0.0,1,0.0
0.0,4.034,2,0,1,0,1,0,50.66,1,1,0,0,1,2.0,0,1.0
0.0,2.04,0,0,1,2,0,1,41.4,0,0,0,0,1,0.0,1,0.0
3.0,5.052,2,0,1,2,1,0,56.81,0,1,0,0,1,2.0,0,1.0
0.0,2.036,0,0,1,2,0,0,50.21,0,1,0,0,1,0.0,1,0.0
1.0,5.034,1,0,1,0,1,0,52.91,1,1,1,0,1,1.0,0,1.0
0.0,4.04,0,0,0,2,1,0,59.43,0,1,0,1,1,0.0,1,1.0
6.0,6.04,0,0,1,0,1,0,63.53,1,1,0,0,0,0.0,1,1.0
0.0,4.056,2,0,1,2,1,1,45.0,0,0,1,0,1,2.0,0,1.0
3.0,5.06,0,1,0,2,0,1,29.92,0,1,1,1,1,0.0,1,1.0
0.0,4.036,2,0,0,2,1,0,60.04,0,0,0,1,1,2.0,1,0.0
0.0,4.05,1,0,1,2,1,0,60.42,0,0,1,0,1,1.0,1,0.0
1.0,5.05,1,1,0,2,0,1,42.72,0,1,1,1,1,1.0,1,0.0
0.0,3.03,0,0,1,2,0,1,48.75,1,0,1,0,1,0.0,1,0.0
0.0,3.038,2,0,1,2,0,0,64.99,0,0,1,0,1,2.0,0,0.0
0.0,3.064,0,0,1,2,1,1,49.5,0,0,1,0,1,0.0,0,0.0
1.0,5.04,0,0,1,2,1,0,63.96,1,1,1,0,1,0.0,0,0.0
1.0,4.07,0,0,1,2,1,0,69.65,1,1,0,0,1,0.0,1,0.0
0.0,4.04,2,0,0,0,0,0,56.03,1,1,1,0,0,2.0,1,1.0
0.0,3.06,0,0,1,2,1,0,62.96,0,0,1,0,1,0.0,0,1.0
0.0,3.046,2,0,1,1,0,1,33.76,1,1,0,0,1,2.0,1,1.0
0.0,3.06,2,0,1,2,1,0,62.62,0,0,1,0,1,2.0,0,1.0
0.0,3.034,0,0,1,2,0,1,39.4,1,0,1,0,1,0.0,1,0.0
4.0,6.054,0,1,0,0,0,1,48.53,1,1,1,0,0,0.0,1,0.0
0.0,4.05,0,0,1,0,1,1,47.75,0,1,0,0,1,0.0,0,1.0
0.0,4.056,0,0,1,0,1,1,48.48,1,1,0,0,0,0.0,1,1.0
0.0,4.032,0,0,1,0,1,0,57.31,1,1,0,0,0,0.0,1,1.0
0.0,4.04,0,0,1,2,0,0,56.42,1,1,0,1,1,0.0,1,1.0
1.0,4.054,0,0,1,2,1,0,51.18,1,1,0,0,1,0.0,1,0.0
0.0,4.046,0,0,0,2,1,0,65.62,0,0,1,1,1,0.0,1,0.0
0.0,3.032,0,0,1,0,0,0,66.15,0,1,0,0,1,0.0,0,0.0
0.0,3.036,0,0,1,2,0,0,65.5,1,0,1,0,1,0.0,1,0.0
0.0,4.04,2,0,1,0,1,0,60.99,1,1,1,0,0,2.0,1,0.0
3.0,5.04,1,0,1,0,1,0,53.36,1,1,1,0,1,1.0,1,0.0
0.0,4.08,0,0,1,0,1,0,61.26,0,0,1,0,0,0.0,1,0.0
8.0,6.056,2,1,0,2,0,1,38.49,0,1,1,0,1,2.0,1,1.0
3.0,5.07,0,1,0,0,0,1,40.06,0,1,1,0,0,0.0,1,1.0
1.0,5.04,0,0,1,0,1,0,59.3,0,1,1,0,1,0.0,0,0.0
0.0,4.04,0,0,1,0,1,0,63.34,0,1,0,0,1,0.0,0,0.0
0.0,4.03,0,0,0,2,1,0,52.45,0,0,1,1,1,0.0,1,0.0
3.0,5.05,0,1,0,2,0,0,59.29,1,1,1,1,1,0.0,1,0.0
3.0,5.056,0,1,0,0,0,1,41.17,1,1,1,0,1,0.0,0,1.0
1.0,4.034,2,0,1,2,1,0,50.92,1,1,0,0,1,2.0,1,0.0
7.0,6.052,0,0,1,2,1,0,55.28,0,1,0,0,1,0.0,1,0.0
0.0,3.04,0,0,1,2,1,0,59.16,0,1,0,0,1,0.0,0,0.0
1.0,4.052,2,0,1,2,1,1,49.08,1,0,1,0,1,2.0,1,0.0
1.0,5.05,0,0,1,2,1,0,68.86,0,1,0,0,1,0.0,0,0.0
1.0,5.06,0,1,0,0,0,1,37.05,0,1,1,0,0,0.0,1,1.0
6.0,6.26,0,1,0,1,0,1,38.2,0,1,1,0,1,0.0,1,1.0
0.0,4.042,2,0,1,2,1,0,70.52,0,1,1,0,1,2.0,0,0.0
1.0,4.034,2,0,1,2,1,1,43.67,1,0,1,0,1,2.0,1,1.0
0.0,3.034,0,0,1,1,0,0,51.52,1,1,0,0,1,0.0,1,1.0
0.0,4.06,0,0,1,2,1,0,64.04,0,0,1,0,1,0.0,1,1.0
1.0,5.07,0,1,0,2,0,0,51.36,1,1,1,1,1,0.0,1,1.0
0.0,3.04,0,0,1,0,0,0,57.66,1,0,1,0,1,0.0,0,0.0
2.0,4.032,2,0,1,2,1,1,40.92,0,1,1,0,1,2.0,1,1.0
0.0,4.03,0,0,1,2,1,0,55.3,1,1,0,0,1,0.0,0,0.0
6.0,5.07,0,1,0,0,0,1,21.93,1,1,1,0,0,0.0,1,1.0
2.0,5.11,0,1,0,0,0,0,56.4,0,1,1,0,0,0.0,1,1.0
0.0,4.034,0,0,0,2,0,0,68.59,0,0,0,1,1,0.0,1,0.0
1.0,5.044,2,0,1,2,1,0,60.3,0,1,1,1,1,2.0,1,0.0
0.0,4.054,0,0,1,0,1,1,43.58,0,1,1,0,1,0.0,0,1.0
0.0,4.1,0,1,0,0,0,1,41.1,0,1,1,0,0,0.0,1,1.0
0.0,3.04,0,0,1,2,0,1,45.74,1,0,0,0,1,0.0,0,1.0
1.0,5.04,2,0,1,2,1,0,62.09,1,1,0,0,1,2.0,0,1.0
5.0,6.062,0,1,0,0,0,0,53.5,0,1,1,0,0,0.0,1,1.0
0.0,4.06,2,0,0,2,0,0,66.91,1,0,1,1,1,2.0,1,0.0
3.0,5.054,2,1,0,2,0,0,50.79,0,1,1,1,1,2.0,1,0.0
1.0,5.032,0,0,1,1,1,1,39.28,1,1,1,0,1,0.0,0,1.0
1.0,3.04,0,0,1,2,1,0,67.6,0,1,0,0,1,0.0,1,0.0
5.0,6.054,0,0,1,0,1,0,65.56,0,1,0,0,1,0.0,0,0.0
3.0,5.044,1,0,1,0,1,0,60.3,1,1,1,0,1,1.0,1,1.0
0.0,4.05,0,0,0,0,0,0,71.03,0,0,1,0,0,0.0,1,0.0
1.0,4.052,0,0,1,2,1,0,70.94,0,0,1,0,1,0.0,0,0.0
6.0,5.03,0,0,1,3,1,1,48.12,0,1,0,0,1,0.0,0,1.0
0.0,4.042,2,0,1,2,1,1,49.84,0,1,1,0,1,2.0,1,1.0
0.0,3.08,0,0,1,2,0,0,68.13,1,0,1,0,1,0.0,1,0.0
1.0,4.04,0,0,1,2,1,0,66.85,0,0,1,0,1,0.0,0,0.0
2.0,5.16,0,1,0,0,0,0,51.76,1,1,1,0,1,0.0,0,1.0
0.0,4.05,0,1,0,2,1,0,55.95,0,1,1,1,1,0.0,1,0.0
0.0,4.074,0,0,1,2,1,0,53.04,0,0,1,0,1,0.0,0,1.0
0.0,1.12,0,0,0,2,0,0,63.97,1,0,1,1,1,0.0,1,0.0
1.0,4.024,0,0,1,2,1,0,60.15,0,1,0,0,1,0.0,0,0.0
0.0,4.08,0,0,0,0,0,0,68.61,0,1,1,0,0,0.0,1,0.0
3.0,5.068,2,0,1,2,1,0,63.95,0,1,1,0,1,2.0,0,0.0
1.0,5.011,2,1,0,2,0,1,37.16,1,1,1,1,1,2.0,1,0.0
0.0,4.036,0,0,0,2,0,0,55.71,1,1,0,1,1,0.0,1,1.0
1.0,5.05,0,0,1,2,1,0,70.77,0,0,1,0,1,0.0,1,1.0
0.0,2.04,0,0,1,0,0,1,41.52,0,0,1,0,1,0.0,1,0.0
0.0,4.03,2,0,1,2,1,0,51.01,0,1,1,0,1,2.0,1,0.0
0.0,4.03,0,0,0,1,0,1,49.98,0,1,0,1,1,0.0,1,1.0
0.0,4.05,2,0,1,2,1,0,57.01,0,0,1,0,1,2.0,0,1.0
0.0,3.036,0,0,1,2,0,1,48.16,1,1,0,0,1,0.0,1,1.0
0.0,1.048,0,0,1,1,0,0,68.72,1,0,0,0,1,0.0,0,0.0
0.0,3.05,2,0,1,3,0,1,40.78,0,0,1,0,1,2.0,1,1.0
0.0,4.044,0,0,1,2,1,1,49.45,1,1,1,0,1,0.0,0,1.0
0.0,4.046,0,0,1,2,1,0,60.45,0,1,0,0,1,0.0,0,1.0
0.0,3.032,0,0,1,2,0,0,53.89,0,1,0,0,1,0.0,0,0.0
1.0,5.048,0,0,1,2,1,0,54.6,0,1,0,0,1,0.0,0,0.0
0.0,3.04,2,0,1,0,0,0,65.89,0,0,1,0,1,2.0,1,0.0
0.0,4.046,0,0,1,0,1,1,43.56,1,1,0,0,1,0.0,0,0.0
0.0,2.024,0,0,0,2,0,0,63.82,1,0,0,0,1,0.0,1,0.0
0.0,2.03,2,0,1,2,1,1,49.37,1,1,0,0,1,2.0,1,0.0
0.0,4.024,0,0,0,0,0,0,54.29,1,1,0,0,0,0.0,1,0.0
1.0,4.052,0,0,1,2,1,0,62.03,0,0,1,0,1,0.0,1,0.0
0.0,3.03,2,0,1,2,0,1,35.5,1,1,0,0,1,2.0,1,0.0
0.0,4.026,0,0,0,0,0,0,57.91,1,1,0,0,0,0.0,1,1.0
0.0,3.04,0,0,1,2,0,0,76.96,0,1,0,0,1,0.0,1,0.0
0.0,3.08,0,0,1,2,1,0,74.51,1,1,1,0,1,0.0,0,1.0
0.0,3.04,0,0,1,2,0,0,70.31,1,1,1,0,1,0.0,0,1.0
0.0,4.03,0,0,1,2,1,0,61.16,0,1,0,0,1,0.0,0,1.0
0.0,3.036,2,0,1,2,1,0,66.37,1,1,1,0,1,2.0,1,0.0
3.0,5.07,2,0,1,0,1,0,64.91,0,0,1,0,1,2.0,1,1.0
0.0,4.05,1,0,1,2,0,0,73.15,1,0,1,0,1,1.0,1,0.0
0.0,4.044,2,0,1,3,1,0,72.36,0,1,0,0,1,2.0,0,0.0
0.0,3.05,0,0,0,2,0,0,63.23,1,1,0,0,1,0.0,1,0.0
0.0,3.06,2,0,0,1,0,0,76.13,0,0,1,0,1,2.0,1,1.0
3.0,5.08,0,0,1,2,1,0,76.17,0,0,1,0,1,0.0,0,0.0
10.0,5.04,2,0,1,2,1,0,71.32,0,0,1,0,1,2.0,1,1.0
0.0,4.05,0,0,0,1,1,0,56.14,0,1,0,0,1,0.0,1,0.0
5.0,5.044,0,0,1,2,1,0,82.17,0,1,0,0,1,0.0,1,1.0
0.0,3.026,2,0,1,2,0,0,59.24,0,0,1,0,1,2.0,0,0.0
0.0,3.05,0,0,1,2,1,0,50.23,1,1,0,0,1,0.0,1,1.0
0.0,4.044,0,0,1,2,0,0,63.17,1,1,1,0,1,0.0,1,0.0
0.0,4.06,2,0,1,2,0,0,74.45,0,0,1,0,1,2.0,1,0.0
0.0,2.1,0,0,1,2,0,0,68.55,1,0,1,0,1,0.0,1,0.0
1.0,4.04,2,0,1,2,1,0,65.46,0,1,1,0,1,2.0,1,1.0
0.0,3.02,0,0,1,2,0,0,56.19,1,0,1,0,1,0.0,1,1.0
0.0,1.06,2,0,1,2,0,0,73.2,1,1,1,0,1,2.0,1,0.0
6.0,6.08,0,1,0,0,1,0,54.35,1,1,1,0,0,0.0,1,0.0
0.0,2.04,0,0,1,2,0,0,63.05,1,0,1,0,1,0.0,0,0.0
0.0,4.046,0,0,1,2,0,0,71.17,0,1,1,0,1,0.0,1,0.0
0.0,4.03,1,0,1,2,0,0,58.32,0,1,1,0,1,1.0,1,1.0
0.0,1.04,0,0,1,2,0,0,60.33,1,1,0,0,1,0.0,1,1.0
13.0,6.04,2,1,0,2,0,1,43.06,0,1,1,1,1,2.0,1,1.0
16.0,5.07,2,0,1,2,1,0,57.85,0,0,1,0,1,2.0,0,1.0
0.0,4.06,2,0,1,2,0,0,54.22,0,1,1,0,1,2.0,0,0.0
0.0,4.086,0,0,1,0,0,0,64.21,1,0,1,0,1,0.0,0,1.0
2.0,4.02,2,0,1,2,1,0,74.31,0,1,1,0,1,2.0,1,0.0
1.0,2.0,0,0,1,2,1,0,60.99,1,1,1,0,1,0.0,1,1.0
0.0,3.04,1,0,1,2,0,1,45.5,1,0,1,0,1,1.0,1,0.0
0.0,3.06,0,0,1,2,1,0,67.02,1,1,0,0,1,0.0,1,1.0
0.0,2.08,0,0,1,1,0,0,58.8,0,0,1,0,1,0.0,1,1.0
1.0,4.07,0,0,1,2,1,0,72.39,0,1,1,0,1,0.0,1,1.0
0.0,3.1,2,0,1,2,1,0,75.87,1,1,0,0,1,2.0,1,0.0
5.0,5.06,2,0,1,2,1,0,54.01,1,1,1,0,1,2.0,0,1.0
0.0,4.08,2,0,1,2,0,0,68.25,0,0,1,0,1,2.0,1,0.0
0.0,3.04,2,0,1,2,0,0,67.46,1,0,1,0,1,2.0,1,1.0
1.0,5.036,0,0,1,2,1,0,73.91,1,1,1,0,1,0.0,0,0.0
1.0,4.11,2,0,1,1,1,0,80.81,1,0,1,0,1,2.0,1,1.0
0.0,4.06,0,0,0,2,1,0,68.7,1,0,1,0,1,0.0,1,0.0
1.0,4.04,2,0,1,0,1,0,72.17,1,1,1,0,1,2.0,0,0.0
0.0,4.09,0,0,0,2,0,1,28.04,1,0,1,0,1,0.0,0,1.0
4.0,5.036,0,1,0,0,0,1,37.85,1,1,1,0,0,0.0,1,1.0
3.0,4.04,0,0,1,2,1,0,74.32,1,1,1,0,1,0.0,0,1.0
1.0,4.07,0,0,1,0,1,0,55.07,0,1,1,0,0,0.0,1,1.0
0.0,4.06,2,0,1,2,0,0,68.32,1,0,1,0,1,2.0,1,0.0
1.0,5.046,2,0,1,0,1,0,60.0,0,1,1,0,1,2.0,0,0.0
0.0,4.02,0,0,1,2,0,1,49.61,1,1,0,0,1,0.0,1,0.0
2.0,4.08,2,0,1,2,1,0,55.62,0,1,1,0,1,2.0,1,0.0
0.0,2.04,2,0,1,0,1,0,65.49,0,1,1,0,1,2.0,0,1.0
0.0,4.05,2,0,1,2,0,0,58.8,1,1,1,0,1,2.0,1,0.0
0.0,3.06,2,0,1,2,0,0,54.16,0,1,1,0,1,2.0,1,0.0
0.0,4.04,2,0,1,2,1,0,70.24,0,1,1,0,1,2.0,0,1.0
1.0,5.06,2,0,1,2,1,0,70.58,0,1,1,0,1,2.0,1,0.0
0.0,4.03,2,0,0,2,0,0,66.91,0,1,1,0,1,2.0,1,0.0
0.0,2.042,0,0,1,2,0,0,69.19,0,0,1,0,1,0.0,1,0.0
0.0,2.1,0,0,1,2,0,0,76.51,0,1,1,0,1,0.0,0,0.0
5.0,6.08,2,0,1,2,1,0,58.02,0,1,1,0,1,2.0,1,1.0
0.0,3.1,2,0,1,0,1,0,51.93,1,0,1,0,1,2.0,1,0.0
1.0,5.04,2,0,1,2,1,0,72.44,0,1,1,0,1,2.0,1,0.0
1.0,4.06,0,0,1,1,1,0,63.39,0,1,1,0,1,0.0,1,0.0
8.0,3.06,0,0,1,2,1,0,80.04,1,0,1,0,1,0.0,0,1.0
24.0,6.1,2,0,1,2,1,0,61.22,0,1,1,0,1,2.0,1,1.0
1.0,4.06,1,0,1,2,1,0,64.12,1,1,1,0,1,1.0,1,0.0
2.0,5.058,2,0,1,2,1,0,70.75,1,0,1,0,1,2.0,1,1.0
2.0,5.04,2,0,1,0,1,0,63.34,0,1,1,0,1,2.0,1,0.0
0.0,4.04,0,0,0,2,0,1,34.36,0,1,1,0,1,0.0,1,0.0
0.0,2.05,2,0,1,2,0,0,64.5,1,0,1,0,1,2.0,1,0.0
0.0,3.04,0,0,1,2,0,0,74.98,0,1,1,0,1,0.0,1,1.0
18.0,6.08,2,1,0,0,0,1,35.14,1,1,1,0,1,2.0,1,1.0
3.0,2.124,2,0,1,2,1,0,73.2,0,1,1,0,1,2.0,1,1.0
0.0,4.05,2,0,1,2,0,0,68.09,0,0,1,0,1,2.0,1,0.0
4.0,6.08,2,0,1,0,1,0,61.57,1,1,1,0,1,2.0,1,1.0
3.0,5.03,2,1,0,0,0,1,35.64,0,1,0,0,1,2.0,1,1.0
0.0,4.04,2,0,1,2,0,0,70.27,1,1,0,0,1,2.0,1,1.0
1.0,5.06,2,0,1,2,1,0,59.23,1,0,1,0,1,2.0,1,1.0
2.0,4.07,2,0,1,2,1,0,55.01,0,1,1,0,1,2.0,1,1.0
2.0,5.04,2,0,1,2,1,0,77.12,1,1,1,0,1,2.0,1,1.0
0.0,4.016,2,1,0,0,0,0,59.16,0,1,0,0,1,2.0,1,1.0
0.0,4.04,1,0,1,1,0,0,50.08,1,1,0,0,1,1.0,1,1.0
3.0,4.05,0,0,1,2,1,0,74.6,1,1,1,0,1,0.0,1,1.0
0.0,4.06,2,0,1,2,1,0,77.51,0,1,1,0,1,2.0,1,0.0
0.0,3.032,2,0,1,2,0,1,40.04,0,0,1,0,1,2.0,1,0.0
3.0,3.04,0,0,1,2,1,0,59.75,1,1,1,0,1,0.0,1,1.0
4.0,5.06,0,0,1,2,1,0,68.49,0,1,1,0,1,0.0,1,0.0
0.0,4.06,0,0,1,2,1,1,45.21,1,0,1,0,1,0.0,1,1.0
0.0,4.02,2,0,0,2,0,1,44.4,0,1,1,0,1,2.0,1,1.0
0.0,4.04,0,0,0,2,0,0,71.66,0,0,1,1,1,0.0,1,0.0
3.0,5.05,2,1,0,2,0,1,44.89,1,1,0,0,1,2.0,1,1.0
0.0,4.064,2,0,0,2,0,0,68.16,0,0,1,0,1,2.0,1,1.0
0.0,3.04,0,0,1,2,0,0,56.11,0,1,0,0,1,0.0,1,0.0
0.0,3.02,0,0,1,0,0,0,69.01,0,1,1,0,1,0.0,0,0.0
1.0,5.09,2,0,1,2,1,0,70.84,0,1,1,0,1,2.0,1,0.0
1.0,5.05,2,0,1,2,1,0,74.84,1,1,1,0,1,2.0,1,1.0
0.0,3.03,0,0,1,2,0,1,47.29,1,0,1,0,1,0.0,1,0.0
0.0,4.11,0,0,1,2,1,0,66.23,0,1,1,0,1,0.0,1,1.0
0.0,2.03,1,0,1,2,1,0,61.21,0,1,0,0,1,1.0,1,0.0
1.0,5.002,2,1,0,0,0,0,50.42,0,1,0,0,1,2.0,1,0.0
0.0,2.06,0,0,1,2,1,0,51.25,0,1,0,0,1,0.0,1,1.0
7.0,6.036,0,0,1,2,1,0,74.67,1,1,1,0,1,0.0,1,0.0
1.0,4.09,0,0,1,2,1,0,72.74,0,1,0,0,1,0.0,1,0.0
0.0,4.05,0,0,1,2,0,0,71.93,1,1,0,0,1,0.0,1,0.0
0.0,3.03,2,0,1,2,0,1,48.44,1,1,0,0,1,2.0,1,0.0
6.0,5.05,2,0,1,2,1,0,67.92,1,1,0,0,1,2.0,1,1.0
3.0,5.08,0,0,1,2,1,0,63.83,1,1,1,0,1,0.0,1,0.0
2.0,5.06,1,1,0,0,0,1,39.14,1,0,1,0,1,1.0,1,1.0
2.0,5.04,2,0,1,2,1,0,58.38,1,1,0,0,1,2.0,1,1.0
0.0,3.03,2,0,1,2,0,1,42.79,0,1,0,0,1,2.0,1,0.0
0.0,3.03,2,0,1,2,0,0,55.42,0,1,0,0,1,2.0,1,0.0
0.0,3.04,0,0,1,2,0,0,71.47,0,1,0,0,1,0.0,1,1.0
0.0,3.024,0,0,1,0,0,1,40.05,1,1,0,0,1,0.0,0,0.0
6.0,6.106,1,1,0,2,0,1,39.51,1,0,1,1,1,1.0,1,1.0
2.0,5.1,0,1,0,2,0,1,40.83,1,1,1,1,1,0.0,1,0.0
4.0,5.02,0,0,1,2,1,0,61.88,0,1,0,0,1,0.0,0,0.0
0.0,4.03,0,0,1,0,0,0,64.61,0,1,0,0,1,0.0,1,1.0
9.0,6.04,2,0,1,2,1,0,55.65,0,1,1,0,1,2.0,0,0.0
0.0,3.07,2,0,1,0,0,0,67.48,1,0,1,0,1,2.0,0,1.0
2.0,5.05,2,0,1,2,1,0,67.03,1,1,0,0,1,2.0,1,1.0
2.0,5.03,2,0,1,2,1,0,66.37,0,1,1,0,1,2.0,0,1.0
0.0,4.06,0,0,1,1,0,0,71.17,0,1,0,0,1,0.0,0,1.0
0.0,4.05,2,0,0,0,0,0,61.59,1,1,0,0,1,2.0,0,0.0
2.0,5.03,2,0,1,2,1,0,64.93,0,1,1,0,1,2.0,1,1.0
1.0,5.07,0,0,1,2,1,0,66.27,0,1,0,0,1,0.0,0,1.0
0.0,4.03,1,0,0,0,0,0,78.21,0,0,1,0,0,1.0,1,1.0
1.0,4.046,0,0,1,0,1,0,59.13,0,0,1,0,0,0.0,1,1.0
0.0,4.04,0,0,1,0,0,0,75.19,0,0,1,0,1,0.0,0,0.0
0.0,3.05,0,0,1,2,0,0,61.67,1,1,0,0,1,0.0,0,0.0
0.0,3.07,0,0,1,2,0,0,69.96,0,1,0,0,1,0.0,0,1.0
0.0,4.062,1,0,1,0,0,1,44.5,0,0,1,0,1,1.0,1,1.0
0.0,4.04,0,0,1,2,1,0,80.82,1,1,0,0,1,0.0,0,0.0
1.0,5.032,2,0,1,2,1,0,64.01,1,0,1,0,1,2.0,0,0.0
14.0,6.056,0,1,0,2,0,1,37.53,1,1,0,0,1,0.0,1,1.0
0.0,3.05,2,0,1,2,0,0,81.11,1,0,1,0,1,2.0,1,0.0
0.0,4.08,2,0,0,0,0,0,61.97,0,1,1,0,0,2.0,1,0.0
0.0,4.036,0,0,1,2,0,0,54.27,1,0,1,0,1,0.0,1,0.0
9.0,6.03,2,0,1,1,1,0,57.98,1,0,1,0,1,2.0,0,1.0
0.0,4.04,0,0,0,2,0,0,65.58,0,1,0,1,1,0.0,1,0.0
0.0,4.04,1,0,1,1,1,0,68.82,1,1,0,0,1,1.0,0,0.0
0.0,3.04,2,0,1,2,0,0,61.0,1,0,1,0,1,2.0,1,1.0
0.0,4.06,0,0,1,2,0,0,72.48,0,1,0,0,1,0.0,0,1.0
0.0,4.05,2,0,1,0,0,0,58.78,0,0,1,0,1,2.0,0,1.0
2.0,4.04,2,0,1,0,1,0,63.27,1,0,1,0,1,2.0,0,1.0
3.0,4.08,0,0,1,1,1,0,75.26,1,0,1,0,1,0.0,1,1.0
0.0,4.036,2,0,1,2,0,0,59.23,0,1,0,0,1,2.0,1,0.0
0.0,4.03,1,0,0,2,0,0,64.11,0,0,1,1,1,1.0,1,0.0
0.0,1.034,2,0,1,1,0,0,60.66,0,0,1,0,1,2.0,1,1.0
0.0,4.04,2,0,1,2,0,0,65.5,0,0,1,0,1,2.0,0,1.0
8.0,6.1,0,0,1,2,1,0,73.6,1,1,1,0,1,0.0,0,0.0
3.0,5.07,2,0,1,2,1,0,53.03,0,1,1,0,1,2.0,1,1.0
1.0,5.04,2,0,1,2,1,0,81.98,1,0,1,0,1,2.0,0,0.0
9.0,5.09,0,0,1,0,1,0,71.17,0,1,1,0,0,0.0,1,1.0
0.0,4.02,2,0,1,2,0,1,49.76,0,0,1,0,1,2.0,1,1.0
0.0,2.05,0,0,1,2,0,0,58.49,0,0,1,0,1,0.0,1,0.0
0.0,4.04,0,0,1,2,0,0,76.06,1,1,0,1,1,0.0,1,0.0
2.0,4.1,1,0,1,2,1,0,61.12,0,0,1,0,1,1.0,1,0.0
0.0,4.09,1,0,0,1,0,1,49.98,0,0,1,1,1,1.0,1,0.0
0.0,1.06,0,0,1,2,0,0,79.01,0,0,1,0,1,0.0,1,0.0
1.0,5.04,0,0,1,2,1,0,59.18,0,0,1,0,1,0.0,1,1.0
0.0,4.05,0,0,1,2,0,1,47.62,0,1,0,0,1,0.0,1,0.0
0.0,4.07,0,0,1,2,1,0,52.13,1,0,1,0,1,0.0,0,0.0
0.0,4.098,2,0,1,0,0,0,67.79,1,0,1,0,1,2.0,1,1.0
0.0,3.054,1,0,1,2,0,0,63.58,0,0,1,0,1,1.0,1,1.0
0.0,4.03,0,0,1,2,0,0,75.48,0,1,0,0,1,0.0,1,0.0
0.0,4.054,2,0,0,2,0,0,59.85,1,1,0,1,1,2.0,1,0.0
0.0,4.036,2,0,1,2,0,0,63.03,1,0,1,0,1,2.0,1,1.0
0.0,3.04,2,0,1,2,0,1,49.02,0,1,0,0,1,2.0,1,0.0
0.0,4.038,2,0,1,2,1,0,77.12,0,0,1,0,1,2.0,1,0.0
11.0,6.198,1,1,0,0,0,0,56.07,0,1,1,1,1,1.0,1,1.0
0.0,4.1,0,0,0,2,0,1,46.59,1,0,1,0,1,0.0,0,0.0
11.0,6.002,0,1,0,2,1,0,64.68,1,1,1,1,1,0.0,1,0.0
1.0,5.09,0,1,0,2,0,0,67.8,1,0,1,1,1,0.0,1,1.0
0.0,4.056,0,0,1,2,0,0,52.98,0,1,0,0,1,0.0,1,1.0
0.0,4.05,0,0,0,1,0,1,43.51,1,0,1,1,1,0.0,1,1.0
0.0,2.198,2,0,1,2,1,1,44.27,1,1,1,0,1,2.0,1,1.0
4.0,5.044,0,0,1,2,1,0,67.27,1,0,1,0,1,0.0,1,0.0
5.0,4.12,2,0,1,2,1,0,66.39,0,1,1,0,1,2.0,1,1.0
0.0,3.05,0,0,1,2,0,0,64.02,0,0,1,0,1,0.0,1,0.0
0.0,4.03,2,0,1,0,0,0,64.76,0,1,1,0,1,2.0,0,0.0
0.0,4.04,0,0,0,0,0,0,60.44,0,1,0,0,0,0.0,1,0.0
1.0,5.052,2,0,1,0,1,0,65.83,0,0,1,0,0,2.0,1,1.0
1.0,5.05,2,0,1,0,1,0,75.41,1,1,0,0,0,2.0,1,0.0
0.0,4.136,0,0,1,2,0,0,51.29,1,0,1,0,1,0.0,1,0.0
1.0,5.12,0,1,0,0,0,1,49.43,0,0,1,0,0,0.0,1,1.0
3.0,5.09,0,1,0,2,0,1,26.72,0,1,0,1,1,0.0,1,0.0
4.0,6.036,2,1,0,2,1,0,56.27,0,1,0,1,1,2.0,1,1.0
0.0,3.08,2,0,1,2,0,0,54.18,0,0,1,0,1,2.0,1,1.0
1.0,5.092,2,0,1,1,1,0,52.29,0,0,1,0,1,2.0,0,0.0
0.0,3.04,1,0,1,2,0,1,42.27,0,0,1,0,1,1.0,1,0.0
0.0,3.03,0,0,1,2,0,0,56.08,1,1,0,0,1,0.0,1,1.0
1.0,4.04,0,0,1,2,1,0,53.02,0,0,1,0,1,0.0,1,1.0
5.0,3.07,2,0,1,2,1,0,76.42,0,0,1,0,1,2.0,1,1.0
0.0,3.03,2,0,1,2,0,0,52.61,0,0,1,0,1,2.0,1,1.0
2.0,5.032,0,0,1,2,1,0,64.21,1,1,0,0,1,0.0,1,1.0
1.0,5.074,2,1,0,0,0,0,50.08,1,1,0,0,0,2.0,1,1.0
3.0,5.09,1,1,0,2,0,1,38.1,1,0,1,0,1,1.0,0,0.0
0.0,4.044,2,0,1,2,0,0,70.57,0,0,1,0,1,2.0,0,0.0
1.0,4.05,1,0,1,2,1,0,73.21,1,0,1,0,1,1.0,0,1.0
1.0,4.12,0,0,1,2,1,0,63.7,1,0,1,0,1,0.0,1,1.0
3.0,5.02,0,1,0,2,0,1,38.93,0,0,1,1,1,0.0,1,1.0
0.0,4.02,2,0,0,2,0,1,45.77,1,1,0,1,1,2.0,1,0.0
1.0,2.03,2,0,1,2,1,1,48.41,1,0,1,0,1,2.0,1,1.0
0.0,3.03,0,0,1,2,0,0,67.82,1,1,0,0,1,0.0,1,0.0
1.0,5.06,2,1,0,0,0,1,44.07,1,1,0,0,0,2.0,1,0.0
0.0,4.1,2,0,1,2,1,0,57.95,0,1,1,0,1,2.0,1,0.0
1.0,5.08,0,0,1,1,1,0,74.86,0,0,1,0,1,0.0,0,1.0
0.0,4.07,0,0,0,2,0,0,65.86,0,1,0,1,1,0.0,1,1.0
0.0,4.026,0,0,0,0,0,0,70.22,0,0,1,1,1,0.0,1,0.0
0.0,3.06,2,0,1,2,0,1,47.86,0,1,0,0,1,2.0,1,0.0
0.0,3.05,2,0,1,2,0,0,78.62,0,0,1,0,1,2.0,1,0.0
2.0,4.026,2,0,1,2,1,0,53.39,1,1,0,0,1,2.0,1,0.0
0.0,5.0,0,0,1,2,0,1,43.85,1,0,1,1,1,0.0,1,0.0
0.0,4.04,2,0,1,2,1,0,63.35,1,0,1,0,1,2.0,1,0.0
0.0,3.056,0,0,1,1,0,0,75.46,0,1,0,0,1,0.0,1,1.0
0.0,3.06,2,0,1,0,0,0,68.85,1,0,1,0,1,2.0,0,0.0
0.0,3.056,2,0,1,0,0,1,43.73,0,0,1,0,1,2.0,0,1.0
0.0,2.04,2,0,1,2,0,0,83.49,0,0,1,0,1,2.0,0,0.0
2.0,5.04,1,1,0,2,0,1,49.92,1,1,0,1,1,1.0,1,1.0
0.0,4.1,0,0,0,2,0,0,72.49,0,1,0,0,1,0.0,1,0.0
3.0,2.07,0,0,1,2,1,0,89.0,0,0,1,0,1,0.0,0,0.0
0.0,3.05,0,0,1,0,0,0,53.18,1,0,1,0,0,0.0,1,1.0
0.0,3.04,0,0,1,0,1,0,81.06,1,1,1,0,1,0.0,0,0.0
0.0,3.05,0,0,1,2,0,1,44.51,1,1,0,0,1,0.0,1,0.0
0.0,4.05,2,0,1,0,0,0,61.3,1,0,1,0,1,2.0,0,1.0
7.0,6.07,2,0,1,2,1,0,65.83,0,1,1,0,1,2.0,0,0.0
0.0,3.08,2,0,1,2,0,0,71.67,1,0,1,0,1,2.0,0,1.0
0.0,4.07,2,0,1,2,1,1,45.39,0,0,1,0,1,2.0,0,1.0
1.0,4.02,2,0,1,2,1,1,49.77,0,0,1,0,1,2.0,1,0.0
0.0,4.028,0,0,0,0,0,1,43.77,0,0,1,1,1,0.0,1,0.0
0.0,3.1,2,0,1,2,0,1,39.92,1,0,1,0,1,2.0,1,1.0
1.0,4.114,0,0,1,2,1,0,75.74,0,1,1,0,1,0.0,1,0.0
2.0,2.032,0,0,1,2,1,0,67.19,0,1,1,0,1,0.0,1,1.0
0.0,3.02,2,0,1,2,0,0,76.88,0,0,1,0,1,2.0,1,1.0
0.0,3.002,0,0,1,0,0,0,64.15,0,0,1,0,0,0.0,1,0.0
0.0,3.02,2,0,1,2,0,0,65.93,0,0,1,0,1,2.0,1,0.0
0.0,3.044,0,0,1,2,1,0,78.54,0,0,1,0,1,0.0,1,0.0
2.0,5.16,0,0,1,2,1,0,78.87,0,1,1,1,1,0.0,1,1.0
1.0,2.02,2,0,1,2,1,0,83.27,0,1,0,0,1,2.0,0,0.0
0.0,2.022,2,0,1,2,0,1,45.44,0,1,0,0,1,2.0,1,1.0
2.0,5.05,0,0,1,1,1,1,49.61,0,1,1,0,1,0.0,0,1.0
0.0,4.032,2,0,1,2,0,0,55.66,0,1,0,0,1,2.0,0,1.0
0.0,3.198,0,0,1,0,1,0,74.39,1,1,0,0,1,0.0,1,0.0
0.0,1.024,2,0,1,2,0,0,67.26,0,0,1,0,1,2.0,0,1.0
0.0,2.06,2,0,1,2,1,0,54.35,0,0,1,0,1,2.0,1,0.0
19.0,3.04,2,0,1,2,1,0,86.75,0,0,1,0,1,2.0,1,1.0
0.0,3.05,1,0,1,0,1,0,63.07,1,1,0,0,0,1.0,1,1.0
0.0,4.06,2,0,1,2,1,0,81.52,0,0,1,0,1,2.0,0,1.0
1.0,4.05,2,0,1,2,1,0,73.95,1,0,1,0,1,2.0,0,1.0
0.0,3.032,2,0,1,2,0,0,62.35,0,0,0,0,1,2.0,1,1.0
2.0,5.06,0,0,1,2,1,0,74.8,0,0,1,0,1,0.0,1,1.0
0.0,4.03,0,0,1,0,0,0,74.56,1,0,1,0,0,0.0,1,0.0
0.0,3.034,1,0,1,2,0,0,74.29,1,1,0,1,1,1.0,1,0.0
0.0,3.02,1,0,1,2,0,1,44.95,1,1,0,0,1,1.0,1,1.0
0.0,4.046,0,0,1,2,1,0,64.32,0,1,0,0,1,0.0,0,0.0
0.0,4.07,1,0,0,2,0,0,50.7,1,0,1,1,1,1.0,1,0.0
0.0,2.04,0,0,1,0,0,1,43.86,1,0,1,0,0,0.0,1,0.0
0.0,3.05,2,0,1,2,0,1,47.03,0,0,1,0,1,2.0,1,0.0
2.0,4.06,0,0,1,2,1,0,67.12,0,0,1,0,1,0.0,1,1.0
0.0,2.05,1,0,1,2,0,0,57.33,1,1,0,0,1,1.0,1,1.0
0.0,3.08,0,0,0,0,0,0,74.53,0,0,1,0,0,0.0,1,1.0
1.0,4.04,2,0,1,2,1,0,58.69,1,0,1,0,1,2.0,1,1.0
14.0,5.06,2,0,1,2,1,0,64.47,1,1,1,0,1,2.0,1,1.0
0.0,3.056,1,0,1,2,0,1,42.45,0,1,0,1,1,1.0,1,1.0
0.0,3.05,2,0,1,0,0,0,79.35,0,0,1,0,0,2.0,1,1.0
0.0,4.036,0,0,1,0,0,1,49.34,1,1,0,0,0,0.0,1,0.0
0.0,4.054,0,0,1,2,0,0,69.68,1,0,1,1,1,0.0,1,1.0
0.0,4.07,0,0,0,2,0,1,37.05,0,1,0,1,1,0.0,1,0.0
0.0,2.014,1,0,1,2,0,0,76.71,1,0,1,0,1,1.0,1,0.0
0.0,3.04,2,0,1,2,0,0,57.93,1,1,0,0,1,2.0,1,0.0
1.0,5.09,2,1,0,0,0,1,43.42,1,0,1,0,0,2.0,1,1.0
3.0,5.066,2,0,1,0,1,0,52.09,1,0,1,0,1,2.0,1,1.0
0.0,4.032,0,0,0,2,0,0,63.95,1,1,0,1,1,0.0,1,0.0
3.0,5.04,1,1,0,2,0,1,33.04,0,0,1,1,1,1.0,1,0.0
0.0,4.07,2,0,1,2,0,1,47.71,0,0,1,0,1,2.0,0,0.0
0.0,4.06,1,0,0,0,0,1,41.53,0,0,1,0,0,1.0,1,1.0
0.0,2.002,1,0,1,2,0,1,40.04,0,0,1,0,1,1.0,1,0.0
0.0,3.02,2,0,1,2,0,0,63.63,0,1,0,0,1,2.0,1,1.0
0.0,3.04,0,0,1,2,0,1,40.25,0,1,0,0,1,0.0,1,1.0
0.0,3.036,0,0,1,2,1,1,47.61,0,0,1,0,1,0.0,0,0.0
1.0,5.0,2,1,0,0,0,0,64.3,1,1,1,0,0,2.0,1,0.0
2.0,3.052,2,0,1,2,1,0,73.03,1,0,1,0,1,2.0,0,0.0
3.0,5.08,2,0,1,0,1,0,69.87,0,1,1,0,0,2.0,1,1.0
2.0,5.03,0,1,0,2,0,1,43.51,0,1,1,1,1,0.0,1,1.0
3.0,4.056,0,0,1,2,1,0,78.19,1,1,0,0,1,0.0,0,1.0
1.0,4.05,2,0,1,2,1,0,76.54,0,0,1,0,1,2.0,1,0.0
1.0,5.044,2,0,1,0,1,0,75.2,1,0,1,0,1,2.0,1,0.0
6.0,6.052,2,0,1,0,1,0,59.49,1,1,1,0,0,2.0,1,1.0
2.0,5.06,0,0,1,0,1,0,62.43,0,1,1,0,0,0.0,1,0.0
0.0,4.06,0,0,0,2,1,0,58.39,0,0,1,0,1,0.0,1,1.0
0.0,3.06,0,0,1,2,0,0,50.78,1,0,1,0,1,0.0,0,1.0
4.0,5.056,0,0,1,2,1,0,74.85,1,1,1,0,1,0.0,0,0.0
3.0,5.046,2,1,0,0,1,1,36.35,0,0,1,0,0,2.0,1,0.0
0.0,4.04,0,0,1,2,0,1,41.09,1,0,1,0,1,0.0,0,1.0
1.0,4.05,0,1,0,2,0,1,33.92,0,1,0,1,1,0.0,1,1.0
0.0,3.04,2,0,1,2,0,0,57.32,0,1,0,0,1,2.0,1,1.0
0.0,4.054,1,0,0,0,0,0,60.31,1,1,0,1,1,1.0,1,0.0
0.0,3.036,0,0,1,2,0,0,77.77,0,1,0,0,1,0.0,0,0.0
1.0,5.038,2,1,0,2,0,0,65.53,1,0,1,1,1,2.0,1,1.0
0.0,4.044,2,0,1,2,0,0,69.75,0,0,1,0,1,2.0,1,0.0
12.0,6.06,2,0,1,2,1,0,69.99,0,1,1,0,1,2.0,1,1.0
0.0,4.042,2,0,0,0,0,0,67.15,0,1,0,0,0,2.0,1,0.0
4.0,6.12,0,0,1,2,1,0,69.31,0,1,1,0,1,0.0,0,1.0
0.0,3.04,0,0,1,2,0,0,70.38,1,1,0,0,1,0.0,1,1.0
0.0,2.026,2,0,1,2,1,0,76.93,0,0,0,0,1,2.0,1,1.0
0.0,3.05,2,0,1,2,0,0,56.94,1,1,0,0,1,2.0,1,0.0
2.0,4.028,2,0,1,2,1,0,72.44,0,1,0,0,1,2.0,1,1.0
0.0,3.06,2,0,1,2,1,0,69.93,0,0,1,0,1,2.0,0,0.0
6.0,4.1,0,0,1,2,1,0,55.83,0,0,1,0,1,0.0,1,1.0
1.0,4.03,2,0,1,2,1,0,61.16,1,1,1,0,1,2.0,1,0.0
5.0,5.05,0,0,1,2,1,0,56.03,0,1,1,0,1,0.0,1,0.0
0.0,3.05,0,0,1,2,0,0,76.81,1,1,0,0,1,0.0,0,0.0
0.0,3.06,0,0,1,2,0,0,77.45,0,0,1,0,1,0.0,0,1.0
0.0,4.036,2,0,0,2,0,0,65.16,0,1,0,1,1,2.0,1,0.0
3.0,3.04,0,0,1,2,1,0,73.65,1,0,1,0,1,0.0,1,0.0
5.0,6.044,2,0,1,2,1,0,72.54,1,1,0,0,1,2.0,1,1.0
0.0,2.04,1,0,1,2,1,0,58.89,0,0,1,0,1,1.0,1,0.0
4.0,6.06,0,0,1,2,1,0,69.67,0,0,1,0,1,0.0,1,1.0
5.0,6.034,2,0,1,0,1,0,62.99,1,1,1,1,1,2.0,1,1.0
0.0,3.1,0,0,1,2,0,1,41.0,1,1,0,0,1,0.0,0,1.0
0.0,3.04,1,0,0,2,0,0,76.37,1,0,1,0,1,1.0,1,0.0
1.0,5.08,0,0,1,0,1,0,77.13,1,0,1,0,1,0.0,0,0.0
0.0,3.066,0,0,0,2,0,0,66.47,0,0,1,0,1,0.0,1,0.0
4.0,6.1,0,1,0,2,0,1,33.55,0,1,0,1,1,0.0,1,1.0
0.0,3.044,0,0,1,2,0,0,77.54,0,1,0,0,1,0.0,0,0.0
1.0,3.036,1,0,1,2,1,0,69.65,1,0,1,0,1,1.0,1,0.0
6.0,6.064,0,0,1,2,1,0,75.27,0,0,1,0,1,0.0,0,1.0
0.0,3.06,2,0,1,2,0,1,44.84,1,1,1,0,1,2.0,1,0.0
1.0,4.042,0,0,1,2,1,0,71.61,0,0,1,0,1,0.0,0,1.0
2.0,5.074,0,1,0,2,0,1,42.84,0,1,1,0,1,0.0,1,0.0
2.0,5.12,0,1,0,2,0,0,65.76,0,1,0,1,1,0.0,1,0.0
0.0,3.046,0,0,1,2,0,0,67.68,1,1,0,0,1,0.0,1,0.0
1.0,4.04,0,0,1,2,1,0,68.56,0,1,0,0,1,0.0,1,0.0
1.0,5.04,2,0,1,2,1,0,69.93,0,1,0,0,1,2.0,0,0.0
0.0,4.044,0,0,1,2,0,1,44.36,1,1,0,0,1,0.0,1,0.0
6.0,6.028,2,0,1,2,1,0,65.86,0,1,1,0,1,2.0,0,0.0
3.0,4.06,0,0,1,2,1,0,72.12,0,0,1,0,1,0.0,0,0.0
0.0,4.024,2,0,0,0,0,1,49.88,1,1,0,0,0,2.0,1,1.0
4.0,6.034,2,0,1,1,1,0,62.68,0,1,0,0,1,2.0,1,1.0
0.0,5.062,2,0,1,0,1,0,70.71,1,0,1,0,0,2.0,1,1.0
0.0,4.05,2,0,1,2,0,1,46.95,1,1,0,0,1,2.0,1,0.0
0.0,2.086,2,0,1,2,0,0,63.92,1,1,0,0,1,2.0,0,1.0
0.0,4.11,0,0,1,2,0,0,56.47,0,0,1,0,1,0.0,0,1.0
1.0,5.11,0,0,1,0,1,0,67.7,0,1,1,0,1,0.0,0,1.0
0.0,4.08,0,0,1,2,1,0,72.73,0,0,1,0,1,0.0,0,0.0
0.0,4.04,2,0,1,2,0,1,45.4,0,1,0,1,1,2.0,1,1.0
6.0,6.08,2,0,1,2,1,0,70.42,1,1,0,0,1,2.0,1,1.0
0.0,3.034,0,0,1,2,0,0,55.56,0,1,0,0,1,0.0,0,0.0
0.0,4.05,0,0,1,2,0,0,70.11,0,1,0,0,1,0.0,0,0.0
0.0,3.032,2,0,1,2,0,1,44.12,0,1,0,0,1,2.0,0,1.0
0.0,3.034,2,0,1,2,0,0,61.76,0,0,1,0,1,2.0,0,0.0
0.0,3.03,2,0,1,2,1,0,55.04,1,1,0,0,1,2.0,1,0.0
2.0,5.07,2,0,1,0,1,0,76.66,0,0,1,1,1,2.0,1,0.0
0.0,3.042,2,0,1,2,0,0,68.21,1,0,1,0,1,2.0,1,0.0
0.0,4.002,1,0,0,0,0,0,52.57,0,0,1,0,0,1.0,1,0.0
0.0,4.03,0,0,0,2,0,1,39.25,1,0,0,1,1,0.0,1,1.0
16.0,6.03,0,1,0,2,1,0,61.04,1,1,1,1,1,0.0,1,1.0
0.0,3.034,0,0,1,2,0,0,53.69,0,0,1,0,1,0.0,1,0.0
1.0,4.05,0,0,1,2,1,0,75.01,1,1,0,0,1,0.0,0,0.0
2.0,4.05,0,0,1,2,1,0,71.05,0,1,0,0,1,0.0,0,0.0
1.0,5.04,0,0,1,0,1,0,75.55,1,1,0,0,0,0.0,1,1.0
1.0,5.04,0,1,0,0,0,1,41.54,1,1,1,0,0,0.0,1,0.0
0.0,3.04,0,0,1,1,0,0,63.4,0,0,1,0,1,0.0,1,0.0
0.0,4.032,2,0,0,2,0,0,68.66,1,0,1,1,1,2.0,1,0.0
1.0,4.05,2,0,1,2,1,0,53.58,0,1,0,0,1,2.0,1,0.0
0.0,3.03,0,0,1,2,1,0,71.19,1,1,0,0,1,0.0,1,0.0
2.0,5.06,0,1,0,1,0,1,47.38,1,0,1,1,1,0.0,1,0.0
1.0,5.06,0,1,0,2,0,0,52.23,0,0,1,1,1,0.0,1,1.0
0.0,3.1,2,0,1,2,1,0,67.87,0,0,1,0,1,2.0,1,0.0
0.0,4.05,0,0,1,2,1,0,70.59,0,1,0,0,1,0.0,0,1.0
0.0,5.07,0,1,0,2,0,1,28.05,1,1,0,1,1,0.0,1,1.0
1.0,4.048,2,0,1,0,1,0,56.33,1,1,0,0,0,2.0,1,1.0
0.0,3.03,1,0,1,2,0,0,66.38,1,1,0,0,1,1.0,1,0.0
0.0,3.032,2,0,1,2,0,1,43.63,1,0,1,0,1,2.0,0,1.0
0.0,3.04,2,0,1,2,0,1,49.0,0,0,1,0,1,2.0,1,1.0
0.0,2.02,2,0,1,2,0,0,65.41,0,0,1,0,1,2.0,1,1.0
0.0,3.06,2,0,1,2,1,0,72.38,0,0,1,0,1,2.0,1,0.0
1.0,5.04,1,0,1,2,1,0,76.37,1,0,1,0,1,1.0,1,0.0
0.0,3.06,0,0,1,2,1,0,69.95,0,0,1,0,1,0.0,0,0.0
0.0,3.044,0,0,1,2,1,0,56.33,1,0,1,0,1,0.0,0,0.0
0.0,3.036,2,0,1,2,0,0,61.92,0,0,1,0,1,2.0,0,1.0
17.0,6.04,2,1,0,2,1,1,32.74,0,1,0,1,1,2.0,1,1.0
14.0,5.1,0,0,1,2,1,0,67.86,1,1,1,0,1,0.0,0,1.0
20.0,6.04,0,1,0,2,1,0,69.93,0,1,0,0,1,0.0,1,1.0
0.0,3.03,2,0,1,2,0,0,73.81,0,0,1,0,1,2.0,1,1.0
0.0,3.022,1,0,1,2,0,0,63.24,0,1,0,0,1,1.0,0,1.0
0.0,4.03,0,0,1,2,1,0,59.5,1,1,0,0,1,0.0,0,1.0
0.0,4.082,0,0,1,0,1,0,61.06,0,1,0,0,1,0.0,0,1.0
0.0,3.03,0,0,1,2,1,0,64.94,0,1,0,0,1,0.0,1,0.0
0.0,1.05,2,0,1,2,1,0,59.12,0,0,1,0,1,2.0,1,1.0
0.0,3.034,2,0,1,2,1,1,43.8,1,1,0,0,1,2.0,1,0.0
0.0,4.08,2,0,1,0,1,0,57.87,0,0,1,0,0,2.0,1,1.0
1.0,5.06,0,1,0,2,0,1,40.57,0,1,0,1,1,0.0,1,0.0
7.0,5.036,0,0,1,0,1,0,74.71,1,1,0,0,1,0.0,0,1.0
0.0,3.06,2,0,1,2,1,0,51.09,1,1,0,0,1,2.0,0,0.0
0.0,3.024,2,0,1,2,1,0,72.14,0,1,0,0,1,2.0,1,0.0
0.0,3.04,2,0,1,2,0,0,75.33,0,0,1,0,1,2.0,1,0.0
1.0,5.06,0,1,0,0,0,1,47.24,0,1,0,0,0,0.0,1,1.0
0.0,4.036,0,0,1,2,1,0,72.02,1,0,1,0,1,0.0,0,1.0
5.0,3.08,2,0,1,2,1,0,77.66,1,1,1,0,1,2.0,1,0.0
1.0,4.04,0,0,1,1,1,0,69.72,0,0,1,0,1,0.0,1,1.0
0.0,3.052,0,0,1,2,1,0,83.96,1,0,1,0,1,0.0,0,1.0
1.0,5.02,2,1,0,2,0,0,63.48,1,1,1,1,1,2.0,1,1.0
0.0,4.06,1,0,1,3,0,0,74.98,0,1,1,0,1,1.0,0,0.0
0.0,4.03,1,0,1,1,0,0,58.61,1,1,0,0,1,1.0,0,0.0
0.0,4.006,2,0,1,2,1,0,64.08,1,0,1,0,1,2.0,1,1.0
0.0,3.02,2,0,1,2,0,1,46.58,0,1,0,0,1,2.0,1,0.0
0.0,4.07,2,0,0,2,0,1,38.59,1,1,0,0,1,2.0,1,1.0
0.0,4.04,2,0,1,2,1,0,63.22,1,0,1,0,1,2.0,1,0.0
0.0,5.05,0,1,0,0,0,1,36.04,1,1,0,1,1,0.0,1,0.0
2.0,5.03,0,1,0,2,1,1,44.59,1,1,1,1,1,0.0,1,1.0
4.0,6.058,0,0,1,1,1,0,69.16,1,1,1,0,1,0.0,0,1.0
0.0,5.1,2,0,1,0,1,0,77.31,1,1,1,0,1,2.0,0,1.0
0.0,3.04,2,0,1,2,0,0,78.8,0,1,0,0,1,2.0,1,0.0
0.0,3.034,0,0,1,0,1,0,57.14,1,1,0,0,1,0.0,0,0.0
0.0,4.05,2,0,1,2,1,0,61.55,1,1,0,1,1,2.0,1,1.0
0.0,4.05,0,0,1,0,1,0,54.61,1,0,1,0,0,0.0,1,0.0
0.0,4.04,1,0,1,2,0,0,76.72,1,1,0,1,1,1.0,1,0.0
0.0,3.002,1,0,1,2,0,0,69.29,0,0,1,0,1,1.0,1,1.0
1.0,4.034,0,0,1,2,1,0,76.19,1,0,1,0,1,0.0,0,0.0
0.0,4.002,1,0,0,0,0,1,31.87,0,0,1,1,1,1.0,1,0.0
3.0,2.06,2,1,0,2,1,0,51.08,1,1,0,0,1,2.0,1,0.0
4.0,6.024,2,0,1,2,1,0,70.68,1,1,0,1,1,2.0,1,1.0
0.0,3.04,0,0,1,0,1,0,66.53,1,1,0,0,1,0.0,1,1.0
0.0,3.05,0,0,1,2,1,0,68.52,1,1,0,0,1,0.0,0,1.0
0.0,3.024,0,0,1,2,0,1,44.41,1,1,0,0,1,0.0,1,0.0
0.0,3.03,1,0,1,2,0,0,53.38,1,0,1,1,1,1.0,1,0.0
0.0,4.036,0,0,1,2,1,0,69.04,1,1,0,0,1,0.0,1,0.0
0.0,4.026,1,0,1,0,0,1,48.76,1,1,0,0,0,1.0,1,0.0
11.0,6.06,0,0,1,0,1,0,69.23,1,1,1,0,0,0.0,1,1.0
0.0,1.06,2,0,1,2,1,0,60.46,0,0,1,0,1,2.0,0,0.0
0.0,4.05,2,0,1,2,0,0,62.84,1,0,1,0,1,2.0,0,1.0
0.0,3.022,1,0,1,2,0,1,46.79,1,1,0,0,1,1.0,1,1.0
7.0,6.08,2,1,0,0,1,1,49.57,1,1,1,0,0,2.0,1,0.0
0.0,4.1,0,0,0,2,1,0,69.05,0,0,1,1,1,0.0,1,1.0
0.0,1.03,0,0,1,0,0,0,54.69,1,0,1,0,0,0.0,1,0.0
3.0,2.036,2,0,1,2,1,0,50.08,1,1,0,0,1,2.0,1,0.0
0.0,3.03,0,0,1,2,0,0,53.96,1,1,0,0,1,0.0,0,0.0
1.0,5.0,0,0,1,1,1,0,68.53,1,0,1,0,1,0.0,0,0.0
0.0,4.04,1,0,1,2,1,0,65.26,1,0,1,0,1,1.0,1,0.0
0.0,4.03,2,0,1,2,1,0,68.6,1,0,1,0,1,2.0,1,0.0
0.0,4.06,2,0,1,2,1,0,78.04,1,1,0,0,1,2.0,1,0.0
0.0,3.03,2,0,1,2,1,0,74.34,0,1,0,0,1,2.0,1,0.0
0.0,3.04,2,0,1,2,0,0,79.76,1,0,1,0,1,2.0,1,0.0
0.0,4.07,2,0,1,2,1,0,61.88,0,0,1,0,1,2.0,1,1.0
0.0,1.02,1,0,1,0,0,1,42.84,0,1,0,0,1,1.0,0,0.0
1.0,5.05,0,0,1,2,1,0,65.44,0,0,1,1,1,0.0,1,1.0
9.0,6.1,2,0,1,2,1,0,69.24,1,0,0,0,1,2.0,1,1.0
0.0,4.03,1,0,0,0,0,0,53.07,1,1,0,0,1,1.0,1,0.0
0.0,4.04,2,0,1,2,1,0,54.75,0,0,1,0,1,2.0,1,0.0
1.0,3.06,2,0,1,2,1,0,88.8,0,0,1,0,1,2.0,0,0.0
0.0,4.03,2,0,1,0,1,0,72.16,0,1,0,0,0,2.0,1,1.0
0.0,3.03,0,0,1,2,0,0,52.98,0,0,1,0,1,0.0,0,1.0
3.0,4.05,0,0,1,2,1,0,62.11,0,0,1,0,1,0.0,0,1.0
0.0,4.03,1,0,0,0,1,0,65.35,1,0,1,0,0,1.0,1,0.0
0.0,4.03,2,0,1,0,1,0,70.23,1,1,0,0,1,2.0,0,1.0
0.0,3.04,2,0,1,2,1,0,73.17,1,1,0,0,1,2.0,1,0.0
3.0,2.048,2,0,1,2,1,0,76.91,1,0,0,0,1,2.0,1,1.0
3.0,5.07,0,1,0,2,1,0,50.24,0,1,0,1,1,0.0,1,1.0
0.0,3.03,2,0,1,2,0,0,67.45,1,0,1,0,1,2.0,1,0.0
0.0,4.054,2,0,0,2,0,0,52.43,0,0,1,1,1,2.0,1,0.0
0.0,4.12,2,0,0,2,1,0,79.17,1,1,1,1,1,2.0,1,0.0
0.0,4.06,0,0,1,2,1,0,68.42,1,0,1,0,1,0.0,0,0.0
0.0,4.07,0,0,1,0,1,0,80.17,1,0,1,0,0,0.0,1,0.0
12.0,6.05,0,1,0,0,1,0,74.98,0,1,1,0,0,0.0,1,1.0
0.0,3.04,1,0,1,2,1,0,66.57,0,1,0,0,1,1.0,1,1.0
6.0,6.056,0,0,1,2,1,0,74.11,1,1,1,0,1,0.0,0,1.0
0.0,4.02,0,0,1,2,0,1,42.11,0,1,0,0,1,0.0,0,0.0
0.0,3.04,2,0,1,2,1,0,55.77,0,0,1,0,1,2.0,1,0.0
0.0,2.04,0,0,1,2,0,0,63.53,0,0,1,0,1,0.0,1,0.0
0.0,4.03,2,0,0,0,1,0,76.2,1,1,0,1,1,2.0,1,0.0
2.0,4.044,2,1,0,2,0,1,42.05,1,1,0,1,1,2.0,1,1.0
1.0,5.04,0,0,1,2,1,0,90.23,0,0,1,0,1,0.0,1,1.0
0.0,4.06,0,0,0,2,1,0,68.01,0,1,0,1,1,0.0,1,1.0
0.0,4.03,2,0,1,1,0,0,75.53,0,1,0,0,1,2.0,0,0.0
1.0,4.03,0,0,1,2,1,0,74.46,1,0,1,0,1,0.0,0,0.0
0.0,4.06,2,0,1,2,1,0,72.56,0,1,0,0,1,2.0,0,0.0
1.0,5.05,0,1,0,0,0,1,39.99,1,0,1,0,0,0.0,1,1.0
0.0,3.03,2,0,1,2,0,1,48.17,1,1,0,0,1,2.0,1,0.0
0.0,3.05,2,0,0,0,1,0,61.28,0,0,1,0,0,2.0,1,1.0
0.0,3.028,2,0,0,2,0,0,74.53,0,1,0,1,1,2.0,1,0.0
0.0,3.06,2,0,1,2,1,0,79.59,1,1,0,0,1,2.0,0,0.0
0.0,3.012,2,0,1,2,0,0,59.04,1,1,0,1,1,2.0,1,1.0
3.0,5.13,0,1,0,2,1,0,63.02,1,1,0,1,1,0.0,1,0.0
2.0,5.04,2,1,0,0,0,1,46.03,1,1,0,0,0,2.0,1,1.0
0.0,3.03,0,0,1,2,0,0,69.5,1,0,1,0,1,0.0,0,1.0
0.0,3.024,0,0,1,2,0,0,56.92,1,1,0,0,1,0.0,1,0.0
2.0,3.11,0,0,1,0,1,0,62.79,1,0,1,0,1,0.0,0,1.0
0.0,4.08,0,0,1,2,1,0,69.2,0,0,1,0,1,0.0,0,1.0
1.0,2.04,2,0,1,2,1,0,76.77,0,0,1,0,1,2.0,1,1.0
0.0,3.06,2,0,1,2,1,0,69.59,0,0,1,0,1,2.0,1,0.0
0.0,4.03,1,0,0,0,0,0,58.7,0,1,0,1,1,1.0,1,0.0
3.0,4.046,2,0,1,2,1,0,70.31,1,1,1,0,1,2.0,0,1.0
0.0,4.06,0,0,0,2,1,0,72.77,0,0,1,1,1,0.0,1,0.0
1.0,5.07,0,1,0,0,0,1,41.28,1,1,1,0,0,0.0,1,1.0
0.0,4.03,2,0,1,2,0,0,72.23,1,1,0,0,1,2.0,0,0.0
0.0,3.03,0,0,1,2,0,0,66.12,1,1,0,0,1,0.0,0,0.0
0.0,4.036,0,0,1,2,0,1,46.4,0,1,0,0,1,0.0,1,0.0
0.0,4.06,0,0,1,0,1,0,76.83,0,0,1,0,1,0.0,0,1.0
0.0,3.03,2,0,1,2,0,0,52.77,1,1,0,0,1,2.0,1,1.0
0.0,3.06,2,0,1,2,0,1,47.98,1,1,0,0,1,2.0,1,1.0
1.0,5.07,0,0,1,2,1,0,67.1,0,0,1,0,1,0.0,0,0.0
0.0,3.08,0,0,1,0,1,0,58.25,0,0,1,0,1,0.0,0,0.0
0.0,4.04,2,0,1,2,0,1,40.71,0,1,0,0,1,2.0,0,1.0
0.0,4.04,0,0,1,2,1,0,60.33,0,0,1,0,1,0.0,0,1.0
0.0,3.0,2,0,1,2,0,0,72.19,0,0,1,0,1,2.0,0,1.0
0.0,3.036,1,0,1,2,0,1,35.78,1,0,1,0,1,1.0,1,1.0
0.0,1.04,2,0,1,2,0,1,47.92,0,0,1,0,1,2.0,1,1.0
0.0,4.08,0,0,1,2,0,0,66.55,1,0,1,0,1,0.0,0,1.0
0.0,4.004,1,0,1,1,0,1,45.85,0,0,1,0,1,1.0,0,1.0
0.0,4.03,2,0,0,2,0,0,55.72,0,1,0,0,1,2.0,1,0.0
5.0,6.08,2,0,1,2,1,0,68.18,0,1,1,0,1,2.0,1,0.0
0.0,3.04,2,0,1,2,0,0,69.46,0,1,0,0,1,2.0,1,0.0
2.0,4.07,0,0,1,2,1,0,70.1,1,1,0,0,1,0.0,0,0.0
0.0,5.052,0,0,1,2,1,0,65.45,0,1,0,0,1,0.0,1,0.0
0.0,3.044,0,0,1,2,0,0,69.42,0,0,1,0,1,0.0,1,0.0
0.0,3.03,0,0,1,0,1,0,67.25,1,1,0,0,1,0.0,0,0.0
0.0,3.01,2,0,1,0,0,0,82.06,0,0,1,0,1,2.0,0,1.0
0.0,3.06,0,0,1,2,0,0,70.86,0,1,0,0,1,0.0,1,1.0
14.0,6.198,2,1,0,2,1,1,31.71,1,1,1,1,1,2.0,1,0.0
0.0,3.05,1,0,0,2,0,0,60.51,0,1,0,1,1,1.0,1,0.0
6.0,6.08,2,0,1,0,1,0,78.93,1,1,1,0,0,2.0,1,1.0
5.0,6.046,0,1,0,2,0,1,49.63,1,0,0,1,1,0.0,1,1.0
2.0,5.08,0,1,0,2,1,0,53.35,0,0,0,1,1,0.0,1,1.0
0.0,2.03,2,0,1,2,0,0,55.53,1,1,0,0,1,2.0,1,1.0
0.0,3.036,2,0,0,2,0,0,64.46,0,1,0,1,1,2.0,1,1.0
0.0,2.12,0,0,1,2,1,0,52.81,0,1,1,0,1,0.0,0,0.0
1.0,4.06,0,0,1,2,1,0,61.88,1,0,1,0,1,0.0,0,1.0
0.0,4.03,0,0,1,0,0,0,58.26,0,0,1,0,1,0.0,0,0.0
0.0,4.05,1,0,1,2,1,0,67.62,1,1,0,0,1,1.0,1,1.0
0.0,3.06,0,0,1,2,1,0,71.4,0,0,1,0,1,0.0,1,0.0
0.0,3.054,0,0,1,2,1,0,73.01,1,1,0,1,1,0.0,1,1.0
6.0,6.12,0,1,0,0,0,0,50.6,1,0,1,0,0,0.0,1,1.0
14.0,3.06,2,0,1,2,1,0,79.12,1,0,1,0,1,2.0,0,1.0
16.0,6.16,0,1,0,0,1,0,52.13,0,1,1,0,0,0.0,1,1.0
1.0,4.03,0,0,1,2,1,0,69.7,0,1,0,0,1,0.0,0,1.0
0.0,4.036,2,0,1,0,0,0,60.96,0,1,0,0,0,2.0,1,1.0
1.0,4.046,2,0,1,2,1,0,66.58,1,1,0,0,1,2.0,0,1.0
0.0,4.03,2,0,0,1,0,1,31.26,0,0,1,1,1,2.0,1,0.0
0.0,3.02,2,0,1,2,0,0,64.01,0,0,1,0,1,2.0,1,0.0
0.0,5.16,2,1,0,2,1,1,43.04,0,1,1,1,1,2.0,1,0.0
0.0,2.096,2,0,1,2,1,0,79.26,0,1,1,0,1,2.0,1,0.0
0.0,3.05,0,0,0,0,1,0,66.94,0,1,0,0,0,0.0,1,0.0
1.0,4.1,0,0,1,2,1,0,74.57,0,0,0,0,1,0.0,0,0.0
13.0,6.13,0,1,0,2,0,0,64.64,1,1,1,0,1,0.0,1,1.0
0.0,3.05,0,0,1,2,1,0,70.49,0,0,1,0,1,0.0,1,0.0
0.0,3.046,2,0,1,0,0,0,54.69,1,0,1,0,0,2.0,1,1.0
1.0,4.036,0,0,1,0,1,0,68.93,0,0,1,0,1,0.0,0,1.0
0.0,4.04,0,0,1,2,1,0,78.44,1,1,0,0,1,0.0,0,0.0
0.0,4.054,0,0,0,2,0,1,41.81,1,0,1,1,1,0.0,1,1.0
2.0,4.04,0,0,1,2,1,0,61.24,1,1,0,0,1,0.0,0,1.0
2.0,5.03,0,0,1,2,1,0,71.78,1,1,0,0,1,0.0,0,0.0
0.0,3.04,0,0,1,2,0,0,56.37,1,1,0,0,1,0.0,0,1.0
4.0,4.03,2,0,1,2,1,0,76.87,1,1,0,0,1,2.0,1,1.0
3.0,5.16,0,1,0,2,0,0,52.09,0,1,1,0,1,0.0,1,0.0
1.0,5.05,0,0,1,2,1,0,56.89,0,1,0,0,1,0.0,0,1.0
1.0,5.03,0,1,0,2,0,1,41.27,0,0,1,1,1,0.0,1,0.0
0.0,3.03,0,0,1,2,0,0,72.88,1,0,1,0,1,0.0,1,1.0
1.0,5.05,0,0,1,2,1,0,66.7,1,1,0,1,1,0.0,1,1.0
0.0,4.004,2,0,1,0,0,1,47.35,0,0,1,0,0,2.0,1,0.0
3.0,4.114,2,0,1,2,1,0,72.88,1,1,1,0,1,2.0,1,1.0
0.0,3.14,0,0,1,2,1,0,66.39,0,1,1,0,1,0.0,1,0.0
1.0,4.08,0,0,1,0,1,0,76.01,0,0,1,0,1,0.0,0,1.0
0.0,4.03,2,0,1,2,1,0,56.89,0,1,0,0,1,2.0,1,1.0
2.0,4.05,0,0,1,2,1,0,79.29,0,0,1,0,1,0.0,1,1.0
1.0,5.08,0,0,1,0,1,0,75.56,0,0,1,0,0,0.0,1,0.0
1.0,5.03,1,0,1,0,1,0,77.15,1,0,1,0,1,1.0,1,0.0
0.0,3.05,0,0,1,2,1,0,66.18,0,1,0,0,1,0.0,1,1.0
0.0,4.044,2,0,1,2,1,0,62.55,0,1,0,0,1,2.0,0,1.0
1.0,5.05,1,0,1,2,1,0,67.13,1,1,0,0,1,1.0,1,0.0
7.0,6.09,0,1,0,2,1,1,35.14,1,1,1,0,1,0.0,1,1.0
3.0,5.09,0,1,0,2,0,0,57.99,1,1,1,1,1,0.0,1,1.0
2.0,5.1,2,1,0,0,1,1,44.0,1,1,1,0,0,2.0,1,1.0
4.0,5.06,0,0,1,2,1,0,69.27,1,1,0,0,1,0.0,1,0.0
3.0,4.15,2,0,1,2,1,0,83.9,0,0,1,0,1,2.0,1,1.0
0.0,3.026,0,0,1,0,1,0,61.05,0,0,1,0,1,0.0,0,1.0
0.0,2.04,2,0,1,0,1,0,83.32,0,1,0,0,1,2.0,1,0.0
0.0,3.04,1,0,1,0,1,0,65.86,0,1,1,0,1,1.0,0,0.0
0.0,5.026,0,1,0,2,0,1,45.33,1,1,0,1,1,0.0,1,1.0
0.0,3.03,0,0,1,2,0,0,69.8,1,1,0,0,1,0.0,1,0.0
0.0,3.062,0,0,1,2,1,0,64.76,0,1,0,0,1,0.0,0,0.0
12.0,6.026,0,1,0,2,1,1,37.27,0,1,0,1,1,0.0,1,1.0
0.0,4.028,0,0,0,2,1,0,57.34,1,0,1,1,1,0.0,1,0.0
0.0,3.044,2,0,1,2,0,0,82.72,1,0,1,0,1,2.0,1,0.0
0.0,4.056,2,0,1,0,1,0,72.18,1,1,1,0,1,2.0,1,0.0
0.0,4.028,0,0,1,2,0,0,71.51,1,1,0,0,1,0.0,1,0.0
0.0,4.028,2,0,1,2,1,0,61.84,0,1,0,0,1,2.0,0,0.0
0.0,4.1,0,0,1,2,1,0,61.16,0,0,1,0,1,0.0,0,1.0
4.0,5.04,0,0,1,2,1,0,71.01,0,1,1,0,1,0.0,1,0.0
2.0,2.044,1,0,1,2,1,0,73.1,0,0,1,0,1,1.0,1,1.0
0.0,3.024,2,0,1,2,1,0,75.42,1,0,1,0,1,2.0,1,0.0
0.0,3.032,0,0,1,0,0,0,81.76,1,0,1,0,1,0.0,0,0.0
10.0,5.05,0,0,1,2,1,0,85.94,1,0,0,0,1,0.0,1,0.0
3.0,4.07,0,0,1,2,1,0,81.57,1,0,1,0,1,0.0,0,1.0
2.0,5.05,0,0,1,2,1,0,64.43,1,1,0,0,1,0.0,0,0.0
5.0,3.06,0,0,1,2,1,0,80.48,1,1,0,0,1,0.0,1,1.0
0.0,4.002,1,0,1,0,0,1,36.03,1,1,0,0,1,1.0,1,1.0
0.0,3.032,2,0,1,0,0,0,65.48,1,1,0,1,1,2.0,1,0.0
5.0,6.044,0,1,0,0,1,0,51.62,0,1,1,0,0,0.0,1,0.0
0.0,4.06,0,0,1,2,1,0,66.45,1,1,0,0,1,0.0,1,0.0
1.0,5.036,0,1,0,0,0,1,43.61,0,0,1,0,0,0.0,1,1.0
0.0,3.028,0,0,1,2,0,0,51.87,1,1,0,0,1,0.0,1,1.0
0.0,3.03,2,0,1,0,1,0,71.38,1,1,0,0,1,2.0,1,0.0
1.0,5.05,0,0,1,0,1,0,61.14,0,1,0,0,0,0.0,1,0.0
4.0,6.12,0,1,0,0,0,1,45.8,0,1,1,0,0,0.0,1,0.0
1.0,5.05,0,0,1,0,1,0,64.15,0,0,1,0,0,0.0,1,0.0
0.0,4.04,1,0,1,0,0,0,71.49,0,1,0,0,0,1.0,1,0.0
0.0,4.04,0,0,0,2,0,0,68.0,0,1,0,1,1,0.0,1,0.0
0.0,2.064,2,0,1,2,0,1,47.14,1,0,1,0,1,2.0,1,1.0
0.0,3.026,2,0,1,2,0,0,66.42,1,0,1,0,1,2.0,1,1.0
3.0,4.08,0,0,1,2,1,0,67.59,0,0,1,0,1,0.0,1,1.0
11.0,6.05,1,1,0,0,1,0,53.69,0,1,0,0,0,1.0,1,1.0
0.0,3.05,2,0,0,2,1,0,83.68,1,1,0,1,1,2.0,1,0.0
0.0,3.03,1,0,1,2,1,0,55.36,0,1,0,0,1,1.0,1,0.0
0.0,3.04,0,0,1,2,0,0,86.04,0,0,1,0,1,0.0,1,0.0
0.0,3.03,1,0,1,2,0,1,49.91,0,1,0,1,1,1.0,1,1.0
1.0,4.044,0,0,1,2,1,0,61.0,0,1,0,0,1,0.0,0,0.0
0.0,3.06,0,0,1,0,1,0,69.37,1,0,1,0,1,0.0,0,1.0
1.0,5.11,1,0,1,2,1,0,71.07,0,0,1,0,1,1.0,0,1.0
0.0,1.05,2,0,1,2,1,0,77.09,0,0,1,0,1,2.0,0,0.0
1.0,5.036,0,1,0,2,0,1,49.05,0,1,0,1,1,0.0,1,0.0
0.0,4.07,2,0,0,0,1,0,90.08,1,0,1,0,1,2.0,1,0.0
2.0,5.07,0,1,0,2,0,1,44.93,1,1,0,1,1,0.0,1,1.0
0.0,2.03,1,0,1,2,0,1,49.58,0,1,0,0,1,1.0,1,0.0
1.0,5.05,2,1,0,2,1,0,51.25,0,1,1,1,1,2.0,1,1.0
5.0,3.024,1,0,1,2,1,0,68.1,0,1,0,0,1,1.0,0,1.0
0.0,4.024,1,0,0,2,0,1,38.92,1,1,0,1,1,1.0,1,0.0
0.0,3.03,2,0,1,2,0,1,43.44,1,1,0,0,1,2.0,1,0.0
3.0,4.036,2,0,1,2,1,0,66.2,1,1,0,0,1,2.0,1,0.0
3.0,5.06,1,1,0,2,0,1,36.99,0,1,0,1,1,1.0,1,1.0
4.0,6.06,2,0,1,2,1,0,55.57,0,1,0,0,1,2.0,0,1.0
2.0,4.02,2,0,1,2,1,0,73.24,1,0,1,0,1,2.0,1,1.0
0.0,3.032,2,0,1,2,1,0,52.57,1,0,0,0,1,2.0,1,1.0
1.0,5.05,1,1,0,0,0,0,54.96,1,0,1,0,0,1.0,1,0.0
1.0,5.04,2,0,1,0,1,0,64.07,1,1,0,0,0,2.0,1,1.0
0.0,4.01,1,0,1,2,0,0,55.59,0,1,0,0,1,1.0,0,1.0
16.0,3.096,0,0,1,2,1,0,71.91,1,1,1,0,1,0.0,0,0.0
2.0,2.036,2,0,1,2,1,0,65.58,0,1,0,0,1,2.0,1,0.0
0.0,4.05,1,0,0,1,1,0,69.83,1,1,0,1,1,1.0,1,1.0
0.0,4.02,0,0,1,2,0,1,36.01,1,0,1,0,1,0.0,0,1.0
1.0,5.05,0,1,0,0,0,1,48.1,1,1,0,1,1,0.0,1,0.0
0.0,2.0,2,0,1,2,0,1,48.07,1,0,1,0,1,2.0,0,1.0
0.0,4.026,2,0,1,2,0,0,67.54,1,0,1,0,1,2.0,0,0.0
0.0,3.05,0,0,1,2,1,0,74.78,1,1,0,0,1,0.0,1,1.0
5.0,6.07,0,0,1,2,1,0,72.61,1,1,1,0,1,0.0,1,0.0
1.0,5.07,2,1,0,0,0,1,46.26,0,0,1,0,0,2.0,1,0.0
3.0,4.046,0,0,1,2,1,0,73.55,0,0,1,0,1,0.0,1,0.0
0.0,3.07,0,0,1,2,1,0,59.02,1,0,1,0,1,0.0,0,0.0
21.0,6.04,2,0,1,2,1,0,72.23,1,1,1,0,1,2.0,1,1.0
1.0,5.06,0,0,1,3,1,0,57.62,0,1,0,0,1,0.0,0,1.0
2.0,5.032,2,1,0,1,0,1,40.75,1,1,0,1,1,2.0,1,1.0
6.0,5.05,0,1,0,0,0,1,44.5,1,1,0,0,0,0.0,1,1.0
0.0,3.04,2,0,1,2,1,1,47.3,1,1,0,0,1,2.0,1,0.0
2.0,5.06,2,0,1,2,1,0,80.08,0,1,1,0,1,2.0,0,1.0
0.0,4.05,0,0,1,1,1,0,75.65,0,1,0,0,1,0.0,0,1.0
0.0,3.03,0,0,1,2,0,0,53.6,1,0,0,0,1,0.0,1,1.0
0.0,3.08,0,0,1,2,0,0,65.31,0,0,1,0,1,0.0,1,1.0
0.0,4.13,2,0,1,2,0,0,72.25,1,0,1,0,1,2.0,0,1.0
6.0,6.102,1,0,1,2,1,0,74.28,1,0,1,0,1,1.0,1,1.0
0.0,4.102,0,0,1,1,1,0,69.84,1,0,1,0,1,0.0,0,1.0
0.0,3.04,0,0,1,2,1,1,42.64,1,0,1,0,1,0.0,1,0.0
0.0,3.04,2,0,1,1,0,0,69.56,1,1,0,0,1,2.0,0,1.0
0.0,4.03,2,0,1,0,0,0,64.1,0,1,0,0,0,2.0,1,0.0
0.0,2.04,0,0,1,2,0,0,65.5,1,0,1,0,1,0.0,1,0.0
0.0,3.056,0,0,1,2,0,0,51.62,0,1,0,0,1,0.0,0,0.0
0.0,3.03,2,0,1,2,0,0,74.26,0,1,0,0,1,2.0,0,1.0
0.0,4.07,2,0,1,2,1,0,75.73,0,0,1,0,1,2.0,1,1.0
0.0,4.04,0,0,0,2,0,0,54.18,0,0,0,1,1,0.0,1,0.0
4.0,5.058,1,0,1,1,1,0,86.55,1,0,1,0,1,1.0,0,1.0
1.0,4.04,0,0,1,2,1,0,63.45,1,1,0,0,1,0.0,1,0.0
1.0,5.04,0,0,1,2,1,0,72.39,0,1,0,0,1,0.0,0,1.0
1.0,4.09,0,0,1,2,1,0,72.61,0,0,1,0,1,0.0,0,0.0
4.0,6.05,0,0,1,2,1,1,38.49,0,0,1,0,1,0.0,0,1.0
0.0,4.09,0,0,1,2,1,0,69.27,0,1,0,0,1,0.0,0,0.0
0.0,4.056,2,0,1,2,1,0,63.2,1,1,0,0,1,2.0,0,0.0
0.0,4.04,0,0,0,2,0,1,45.42,1,1,0,1,1,0.0,1,0.0
8.0,5.022,0,1,0,0,1,0,53.48,0,1,1,1,1,0.0,1,0.0
2.0,5.07,0,1,0,2,0,1,40.21,0,1,0,1,1,0.0,1,1.0
2.0,5.05,1,0,1,2,1,0,50.61,0,0,1,0,1,1.0,0,0.0
0.0,3.03,0,0,0,2,0,0,66.56,1,1,0,1,1,0.0,1,0.0
2.0,4.06,0,0,1,0,1,0,69.66,1,0,1,0,1,0.0,0,1.0
1.0,5.04,1,0,1,2,1,0,71.64,0,1,0,0,1,1.0,1,0.0
10.0,5.05,2,0,1,2,1,0,80.09,0,1,1,1,1,2.0,1,1.0
4.0,6.044,0,1,0,0,1,1,49.87,0,1,1,0,0,0.0,1,1.0
4.0,6.04,0,0,1,0,1,0,76.53,0,0,0,0,1,0.0,0,1.0
0.0,3.04,2,0,1,0,1,0,60.13,0,1,0,0,1,2.0,1,1.0
0.0,4.08,1,0,1,1,1,0,79.11,0,0,0,0,1,1.0,1,0.0
0.0,3.01,0,0,1,2,0,1,40.96,1,0,1,0,1,0.0,1,1.0
1.0,5.06,2,1,0,2,0,1,43.08,1,1,0,1,1,2.0,1,0.0
0.0,4.1,0,0,0,2,0,0,62.43,0,0,1,1,1,0.0,1,0.0
2.0,4.04,2,1,0,0,0,0,54.83,0,1,0,1,1,2.0,1,1.0
0.0,3.052,2,0,1,2,1,0,84.3,0,0,1,0,1,2.0,0,0.0
0.0,4.054,2,0,0,2,1,0,67.24,1,1,0,1,1,2.0,1,0.0
2.0,2.08,2,0,1,2,1,0,69.77,0,0,0,0,1,2.0,0,1.0
0.0,3.06,1,0,1,2,1,0,70.52,1,0,1,0,1,1.0,0,0.0
0.0,2.052,2,0,1,2,1,0,57.75,1,1,0,0,1,2.0,0,0.0
0.0,4.04,0,0,1,2,1,0,53.56,1,1,0,0,1,0.0,0,0.0
1.0,5.15,1,1,0,0,0,1,35.13,1,0,1,0,0,1.0,1,0.0
1.0,5.096,1,1,0,2,0,1,42.12,0,1,1,1,1,1.0,1,1.0
0.0,3.03,2,0,0,1,0,1,44.05,1,1,0,1,1,2.0,1,0.0
0.0,3.03,2,0,1,2,0,0,73.93,0,1,0,0,1,2.0,0,1.0
0.0,3.03,1,0,1,0,0,0,76.3,1,0,1,0,1,1.0,1,0.0
2.0,5.06,0,1,0,2,1,0,64.27,0,1,0,1,1,0.0,1,0.0
14.0,6.064,0,1,0,2,1,1,38.44,1,1,0,1,1,0.0,1,1.0
0.0,3.04,2,0,1,2,1,0,74.95,1,1,0,0,1,2.0,1,0.0
1.0,4.05,0,0,1,2,1,0,78.84,0,0,1,0,1,0.0,1,1.0
0.0,4.03,0,0,0,2,0,1,47.88,1,1,0,1,1,0.0,1,0.0
0.0,3.04,0,0,1,2,1,0,52.63,0,1,0,0,1,0.0,0,0.0
0.0,4.04,2,0,1,2,1,0,67.79,0,1,0,0,1,2.0,0,0.0
8.0,6.12,0,0,1,2,1,0,68.64,1,0,1,0,1,0.0,0,1.0
4.0,6.06,2,0,1,2,1,0,68.82,1,1,0,0,1,2.0,1,1.0
0.0,3.05,2,0,1,2,1,0,75.28,0,0,1,0,1,2.0,1,0.0
0.0,3.02,2,0,1,2,0,1,46.43,0,1,0,0,1,2.0,1,0.0
0.0,3.032,2,0,1,2,0,0,50.75,0,1,0,0,1,2.0,1,0.0
0.0,4.04,0,0,1,2,1,0,69.55,0,0,0,0,1,0.0,0,0.0
0.0,3.07,0,0,1,2,1,0,75.88,1,0,1,0,1,0.0,1,1.0
2.0,5.036,2,0,1,2,1,0,66.55,1,0,1,1,1,2.0,1,1.0
0.0,3.04,0,0,1,2,1,0,70.86,1,1,0,0,1,0.0,1,0.0
0.0,4.052,2,0,1,2,1,0,64.93,1,0,0,0,1,2.0,0,0.0
0.0,3.03,2,0,1,2,1,1,46.28,0,0,0,0,1,2.0,1,1.0
0.0,3.04,1,0,1,2,0,0,66.01,0,1,0,0,1,1.0,0,1.0
1.0,5.07,1,1,0,0,0,1,40.53,0,1,1,0,0,1.0,1,1.0
20.0,5.06,2,0,1,2,1,0,54.27,1,0,1,0,1,2.0,1,1.0
1.0,4.06,2,0,1,0,1,0,75.38,0,0,1,0,1,2.0,1,0.0
3.0,4.04,0,0,1,2,1,0,62.88,1,1,0,0,1,0.0,1,0.0
3.0,4.032,0,0,1,2,1,0,61.73,0,1,0,0,1,0.0,1,0.0
8.0,6.08,0,1,0,2,0,1,39.7,0,1,0,1,1,0.0,1,0.0
2.0,4.04,0,0,1,2,1,0,70.79,0,1,1,0,1,0.0,1,0.0
2.0,4.05,0,0,1,0,1,0,66.88,1,1,0,0,1,0.0,0,0.0
0.0,3.05,0,0,1,1,0,1,40.37,1,1,0,0,1,0.0,0,0.0
1.0,4.1,0,0,1,2,1,0,80.21,0,0,0,0,1,0.0,0,0.0
0.0,4.034,1,0,1,0,0,0,62.87,0,1,0,0,1,1.0,1,1.0
4.0,6.04,2,1,0,2,0,1,41.53,0,1,0,1,1,2.0,1,0.0
1.0,4.064,0,0,1,2,1,0,81.63,1,1,0,0,1,0.0,1,0.0
2.0,4.062,2,0,1,2,1,0,79.42,0,0,1,0,1,2.0,1,1.0
0.0,4.046,0,0,1,2,1,0,62.89,0,1,0,0,1,0.0,0,0.0
0.0,3.04,0,0,1,2,1,1,44.99,1,0,1,0,1,0.0,0,0.0
1.0,5.05,0,1,0,2,1,0,55.43,1,1,0,0,1,0.0,1,0.0
0.0,5.08,2,1,0,2,0,1,45.51,1,0,1,1,1,2.0,1,1.0
5.0,5.04,0,0,1,2,1,0,73.75,1,1,1,0,1,0.0,1,0.0
4.0,6.0,0,0,1,0,1,0,65.06,1,1,0,0,1,0.0,0,1.0
0.0,3.06,2,0,1,2,1,0,71.36,0,1,0,0,1,2.0,0,0.0
4.0,5.07,0,0,1,0,1,0,78.55,0,1,1,0,1,0.0,0,1.0
7.0,6.06,2,1,0,2,0,0,62.7,0,1,1,1,1,2.0,1,1.0
0.0,4.06,0,0,0,2,0,0,55.53,1,0,1,1,1,0.0,1,1.0
0.0,3.03,0,0,1,0,1,0,57.2,1,1,0,0,1,0.0,1,1.0
2.0,2.06,0,0,1,0,1,0,68.49,1,0,1,0,1,0.0,0,1.0
0.0,3.04,2,0,1,2,1,0,65.14,0,1,0,0,1,2.0,0,0.0
0.0,3.002,1,0,1,2,0,0,58.0,0,0,1,0,1,1.0,1,0.0
0.0,4.044,1,0,1,1,1,0,78.64,0,1,0,0,1,1.0,0,0.0
1.0,4.068,2,0,1,2,1,0,68.13,0,1,1,0,1,2.0,1,0.0
0.0,3.04,0,0,1,2,1,0,71.31,1,1,0,0,1,0.0,1,0.0
0.0,4.06,2,0,1,2,1,0,58.4,1,1,0,0,1,2.0,0,0.0
11.0,6.07,0,0,1,2,1,0,65.43,1,1,1,0,1,0.0,0,0.0
0.0,4.08,1,0,1,2,1,0,74.92,1,1,0,0,1,1.0,1,0.0
1.0,5.052,2,1,0,2,1,0,51.98,1,1,0,1,1,2.0,1,1.0
0.0,4.03,2,0,0,0,1,0,68.75,0,1,0,1,1,2.0,1,0.0
0.0,4.05,0,0,1,2,1,0,60.72,0,0,1,0,1,0.0,0,0.0
1.0,4.11,0,0,1,2,1,0,82.94,0,0,1,0,1,0.0,0,0.0
0.0,4.05,0,0,0,2,1,0,67.57,1,0,1,1,1,0.0,1,0.0
0.0,3.032,1,0,1,2,0,0,74.76,0,0,1,0,1,1.0,1,1.0
0.0,3.03,2,0,1,2,1,0,68.7,0,0,1,0,1,2.0,1,0.0
0.0,2.032,2,0,1,2,1,0,86.61,0,0,1,0,1,2.0,1,0.0
0.0,3.05,0,0,1,2,1,0,70.65,1,0,1,0,1,0.0,0,0.0
0.0,4.05,0,0,1,2,0,0,80.33,0,0,1,0,1,0.0,0,1.0
0.0,4.03,0,0,1,2,1,0,70.28,0,0,1,0,1,0.0,0,0.0
0.0,1.05,0,0,1,0,0,0,59.22,0,0,1,0,1,0.0,0,1.0
0.0,3.066,2,0,1,2,0,0,67.46,0,0,1,0,1,2.0,1,0.0
0.0,2.114,1,0,0,2,0,1,44.48,1,0,1,0,1,1.0,1,0.0
0.0,3.046,2,0,1,2,0,0,87.32,1,0,0,0,1,2.0,1,0.0
0.0,2.06,2,0,1,2,1,0,72.19,0,0,1,0,1,2.0,1,0.0
0.0,3.05,1,0,1,2,0,0,65.03,1,0,1,0,1,1.0,1,1.0
0.0,3.14,0,0,1,2,0,0,67.0,0,0,1,0,1,0.0,1,0.0
0.0,3.04,1,0,1,0,0,0,75.63,0,0,1,0,0,1.0,1,0.0
0.0,3.0,0,0,1,2,0,0,51.94,1,0,1,0,1,0.0,1,0.0
2.0,4.1,0,0,1,2,1,0,90.0,1,0,1,0,1,0.0,0,1.0
0.0,3.068,2,0,1,2,0,0,60.28,1,0,1,0,1,2.0,0,0.0
2.0,4.04,2,0,1,2,0,0,65.63,1,0,1,0,1,2.0,1,1.0
0.0,3.05,2,0,1,2,0,0,87.75,1,0,1,0,1,2.0,0,0.0
6.0,6.02,0,0,1,2,1,0,63.35,0,1,0,0,1,0.0,1,1.0
0.0,2.04,0,0,1,2,1,0,66.76,0,0,1,0,1,0.0,1,1.0
0.0,4.04,2,0,0,0,0,1,44.65,0,0,1,1,1,2.0,1,0.0
1.0,5.07,0,0,1,0,1,0,65.96,1,0,1,0,1,0.0,0,1.0
0.0,3.06,0,0,1,2,0,0,70.12,1,0,1,0,1,0.0,1,0.0
0.0,3.06,2,0,1,2,0,0,70.64,1,0,1,0,1,2.0,0,0.0
12.0,5.03,0,0,1,2,1,0,72.94,1,0,1,0,1,0.0,0,1.0
0.0,3.05,0,0,1,0,1,0,58.84,0,0,1,0,0,0.0,1,0.0
0.0,3.08,0,0,1,0,0,0,62.29,0,0,1,0,0,0.0,1,0.0
0.0,3.04,0,0,1,2,0,0,51.07,1,0,1,0,1,0.0,1,0.0
1.0,4.072,2,0,1,2,1,0,65.39,1,0,1,0,1,2.0,1,1.0
0.0,4.03,1,0,0,2,0,1,36.47,0,0,1,1,1,1.0,1,0.0
2.0,3.052,2,0,1,2,1,0,69.39,0,0,1,0,1,2.0,0,0.0
2.0,5.05,0,1,0,2,0,1,33.08,0,1,0,1,1,0.0,1,0.0
2.0,4.036,0,1,0,2,0,1,41.79,1,0,1,1,1,0.0,1,1.0
1.0,4.096,0,1,0,2,0,0,50.88,1,0,1,0,1,0.0,0,0.0
0.0,4.06,0,0,1,0,0,0,53.79,0,0,1,0,1,0.0,0,0.0
0.0,4.044,0,0,0,2,0,1,31.6,0,1,0,1,1,0.0,1,0.0
16.0,6.24,0,1,0,0,0,0,58.9,0,0,1,0,0,0.0,1,1.0
1.0,3.096,0,0,1,2,1,0,76.69,1,0,1,0,1,0.0,1,0.0
0.0,3.0,2,0,0,2,0,1,43.75,1,0,1,0,1,2.0,1,0.0
5.0,5.04,2,0,1,2,1,0,75.55,1,1,0,0,1,2.0,1,0.0
7.0,5.068,0,0,1,2,1,0,72.81,0,0,1,0,1,0.0,0,1.0
0.0,3.05,0,0,1,2,0,0,84.04,0,0,1,0,1,0.0,0,1.0
0.0,3.032,1,0,1,2,0,0,70.92,0,0,1,0,1,1.0,0,0.0
0.0,3.0,2,0,1,2,1,0,68.91,1,1,0,0,1,2.0,0,1.0
5.0,6.06,0,0,1,2,1,0,79.04,1,1,1,0,1,0.0,0,1.0
8.0,5.14,1,1,0,2,0,1,46.47,1,0,1,0,1,1.0,1,1.0
0.0,3.042,0,0,1,2,1,0,73.03,0,0,1,0,1,0.0,1,0.0
4.0,5.052,0,1,0,0,1,0,58.38,1,0,1,1,1,0.0,1,0.0
0.0,3.042,2,0,1,2,0,0,80.59,1,0,0,0,1,2.0,1,0.0
1.0,4.016,0,0,1,2,1,0,68.59,1,1,0,0,1,0.0,0,0.0
1.0,5.16,0,1,0,2,0,1,28.29,0,0,1,0,1,0.0,1,1.0
2.0,4.06,0,1,0,0,0,0,53.45,0,1,0,0,1,0.0,1,1.0
0.0,3.07,0,0,1,2,0,0,82.51,0,0,1,0,1,0.0,1,0.0
0.0,3.0,1,0,1,2,1,0,66.28,0,0,1,0,1,1.0,1,0.0
0.0,2.026,2,0,1,2,0,0,78.93,0,0,1,0,1,2.0,0,0.0
0.0,4.0,2,0,1,2,1,0,71.38,0,0,1,0,1,2.0,1,0.0
0.0,3.036,0,0,1,1,1,1,38.01,1,0,1,0,1,0.0,1,0.0
2.0,4.04,0,1,0,0,0,1,39.41,0,0,1,0,0,0.0,1,1.0
10.0,5.056,0,1,0,0,0,0,70.76,1,0,1,0,1,0.0,0,0.0
0.0,3.06,0,0,0,0,0,0,66.13,1,0,1,0,0,0.0,1,0.0
0.0,3.03,1,0,1,2,0,1,41.11,1,1,0,0,1,1.0,1,1.0
3.0,4.07,2,1,0,1,0,0,54.74,0,0,1,1,1,2.0,1,0.0
15.0,6.03,0,0,1,2,1,0,76.99,1,0,1,0,1,0.0,0,0.0
0.0,3.03,2,0,1,2,1,0,63.27,0,0,1,0,1,2.0,1,0.0
0.0,3.122,0,0,1,0,0,0,57.27,0,0,1,0,0,0.0,1,0.0
0.0,3.078,0,0,1,2,0,0,74.6,1,0,1,0,1,0.0,0,1.0
1.0,4.03,0,0,1,2,1,0,69.38,1,0,1,0,1,0.0,0,1.0
4.0,6.074,2,0,1,2,1,0,85.85,0,0,1,0,1,2.0,1,1.0
4.0,6.0,0,0,1,2,1,0,79.84,0,0,1,0,1,0.0,0,0.0
0.0,4.092,2,0,0,2,0,0,60.6,1,1,0,1,1,2.0,1,0.0
0.0,3.04,0,0,1,2,0,0,64.55,0,0,1,1,1,0.0,1,0.0
3.0,4.09,0,0,1,1,1,0,60.41,0,0,1,0,1,0.0,0,1.0
3.0,5.012,0,0,1,2,1,0,51.04,0,0,1,0,1,0.0,0,1.0
0.0,2.03,1,0,1,2,1,0,76.01,1,0,1,0,1,1.0,1,0.0
0.0,2.052,0,0,1,0,0,0,70.9,1,0,1,0,1,0.0,0,0.0
0.0,3.042,0,0,1,2,0,0,59.47,0,0,1,0,1,0.0,0,1.0
0.0,3.034,0,0,1,2,0,0,60.62,1,0,1,1,1,0.0,1,0.0
0.0,3.05,2,0,1,2,0,0,71.74,1,0,1,0,1,2.0,0,0.0
0.0,4.05,0,0,1,0,0,1,49.5,0,0,1,0,0,0.0,1,1.0
14.0,6.07,2,0,1,0,1,0,86.29,0,1,1,0,0,2.0,1,1.0
1.0,4.0,2,1,0,0,0,1,46.23,1,0,1,0,0,2.0,1,0.0
6.0,5.07,0,0,1,2,1,0,71.62,1,0,1,0,1,0.0,0,1.0
5.0,5.026,0,0,1,2,1,0,77.45,0,0,1,0,1,0.0,0,0.0
6.0,5.03,0,0,1,2,1,0,75.02,0,0,1,0,1,0.0,1,0.0
0.0,3.04,0,0,1,2,0,0,64.95,0,0,1,0,1,0.0,1,0.0
0.0,4.05,2,0,1,0,0,1,39.17,0,0,1,1,1,2.0,1,0.0
0.0,3.08,0,0,1,2,1,0,70.91,0,0,1,0,1,0.0,1,0.0
8.0,6.064,2,0,0,2,0,1,38.58,0,0,0,1,1,2.0,1,1.0
0.0,2.066,0,0,1,2,0,0,59.08,1,0,1,0,1,0.0,0,1.0
1.0,3.03,0,0,1,2,1,0,83.09,0,0,1,0,1,0.0,0,0.0
0.0,4.042,0,0,1,0,0,0,56.47,0,1,0,0,0,0.0,1,0.0
0.0,3.036,0,0,1,2,0,0,66.24,0,0,1,0,1,0.0,0,0.0
9.0,6.1,0,1,1,2,1,1,35.02,1,0,1,0,1,0.0,0,1.0
0.0,2.032,1,0,1,2,0,0,75.44,1,0,1,0,1,1.0,1,0.0
0.0,4.158,1,0,1,0,1,0,70.35,1,0,1,1,1,1.0,1,0.0
11.0,6.056,0,0,0,0,0,1,41.92,1,0,1,1,1,0.0,1,0.0
0.0,3.084,2,0,1,2,1,0,56.25,1,1,0,0,1,2.0,0,0.0
3.0,4.056,0,0,1,2,1,0,79.24,1,0,1,0,1,0.0,1,0.0
2.0,4.07,0,0,1,2,1,0,78.45,0,0,1,0,1,0.0,0,0.0
9.0,5.05,0,1,0,2,0,1,44.51,0,1,1,0,1,0.0,1,1.0
0.0,3.046,0,0,1,2,1,0,66.01,0,0,1,0,1,0.0,1,0.0
1.0,5.06,0,0,1,2,1,0,65.52,0,0,1,0,1,0.0,0,1.0
0.0,3.02,0,0,1,2,0,0,79.2,0,1,0,0,1,0.0,0,0.0
0.0,4.046,0,0,1,2,1,1,41.08,0,0,1,0,1,0.0,1,0.0
0.0,4.042,0,0,1,2,1,0,65.01,0,1,1,0,1,0.0,1,0.0
0.0,3.03,0,0,1,2,0,0,80.76,1,0,1,0,1,0.0,1,0.0
2.0,4.04,0,0,1,2,1,0,56.93,0,1,0,0,1,0.0,0,0.0
0.0,3.046,0,0,1,2,0,0,82.1,0,0,1,0,1,0.0,1,0.0
0.0,3.03,0,0,1,2,0,0,61.81,0,1,0,0,1,0.0,1,0.0
0.0,3.044,0,0,1,2,0,0,60.75,1,0,1,0,1,0.0,1,0.0
1.0,4.04,0,0,1,2,1,0,74.43,0,0,1,0,1,0.0,1,0.0
3.0,3.0,2,1,0,0,1,1,47.51,1,0,1,0,1,2.0,0,0.0
0.0,4.044,0,0,1,0,0,1,49.67,0,0,1,0,1,0.0,1,1.0
2.0,5.04,0,1,0,2,0,0,58.83,0,1,0,1,1,0.0,1,0.0
31.0,6.02,0,1,0,0,0,0,66.94,0,1,1,1,1,0.0,1,1.0
0.0,3.032,0,0,1,2,0,0,68.43,1,0,1,0,1,0.0,1,0.0
0.0,3.074,2,0,1,2,1,0,73.37,0,0,1,0,1,2.0,0,0.0
3.0,5.04,2,0,0,2,0,1,37.33,0,0,1,1,1,2.0,1,0.0
0.0,2.03,0,0,1,2,0,0,75.33,1,0,1,0,1,0.0,1,1.0
0.0,5.042,0,0,1,2,1,0,52.95,0,0,1,0,1,0.0,1,1.0
0.0,4.04,0,0,1,1,0,0,77.96,0,0,1,0,1,0.0,1,0.0
4.0,5.06,0,0,1,2,1,0,71.22,0,0,1,0,1,0.0,1,0.0
0.0,2.04,0,0,1,2,0,0,70.65,0,1,0,0,1,0.0,1,0.0
0.0,3.0,2,0,1,2,0,0,66.35,0,0,1,0,1,2.0,1,0.0
0.0,4.04,0,0,0,0,0,0,75.62,1,0,1,1,1,0.0,1,0.0
0.0,3.058,0,0,1,2,0,0,84.87,0,0,1,0,1,0.0,1,1.0
6.0,5.04,0,1,1,2,0,0,52.84,1,1,0,0,1,0.0,0,0.0
8.0,6.11,0,1,0,2,0,1,41.29,0,1,0,1,1,0.0,1,0.0
0.0,4.04,0,0,0,2,0,1,47.01,1,0,0,1,1,0.0,1,0.0
2.0,5.06,0,1,0,0,0,0,58.39,0,0,1,0,0,0.0,1,0.0
1.0,5.11,0,1,0,2,1,0,51.22,0,1,1,1,1,0.0,1,0.0
1.0,5.06,0,1,0,1,0,1,48.59,1,1,1,0,1,0.0,1,1.0
0.0,2.022,0,0,1,2,0,0,62.9,0,1,0,0,1,0.0,1,0.0
0.0,3.142,2,0,1,2,1,0,78.69,0,0,1,0,1,2.0,1,1.0
0.0,2.028,0,0,1,2,0,0,67.33,1,1,0,0,1,0.0,1,0.0
0.0,4.032,0,0,1,2,1,1,49.38,0,1,0,0,1,0.0,0,0.0
8.0,5.048,2,0,1,2,1,0,79.42,0,0,1,0,1,2.0,1,0.0
0.0,3.05,0,0,1,1,0,0,64.4,1,0,0,0,1,0.0,1,0.0
3.0,5.0,1,1,0,2,0,1,36.93,1,1,0,0,1,1.0,1,1.0
1.0,4.032,0,1,0,2,0,1,43.08,1,0,1,0,1,0.0,1,0.0
1.0,5.088,0,1,0,2,0,0,53.68,0,1,1,0,1,0.0,1,1.0
7.0,5.01,0,0,1,2,1,0,75.1,0,0,0,0,1,0.0,1,0.0
1.0,5.05,1,0,1,2,1,0,73.07,0,0,1,0,1,1.0,1,0.0
0.0,3.06,2,0,1,1,1,0,67.81,1,1,0,0,1,2.0,1,0.0
0.0,3.04,2,0,1,2,0,0,85.17,0,0,1,0,1,2.0,1,0.0
1.0,5.07,2,1,0,1,0,0,58.08,1,1,1,0,1,2.0,1,1.0
0.0,4.046,0,0,1,2,1,0,74.33,0,1,0,0,1,0.0,1,1.0
0.0,3.06,0,0,1,0,1,0,52.55,1,1,0,0,1,0.0,1,0.0
1.0,4.03,0,0,1,2,1,0,62.92,0,0,1,0,1,0.0,1,0.0
5.0,6.054,0,0,1,2,1,0,67.78,0,1,1,0,1,0.0,0,0.0
3.0,5.06,0,1,0,0,0,0,52.85,0,1,1,1,1,0.0,1,1.0
0.0,4.058,0,0,1,0,1,0,78.22,0,1,0,0,1,0.0,0,0.0
9.0,5.046,0,0,1,2,1,0,81.75,1,1,0,0,1,0.0,1,0.0
0.0,4.078,0,0,1,2,1,0,85.02,1,0,1,0,1,0.0,0,0.0
0.0,3.028,0,0,1,0,0,0,68.57,0,0,0,0,0,0.0,1,1.0
3.0,5.106,2,0,1,0,1,0,86.9,1,0,1,0,1,2.0,0,0.0
0.0,4.07,0,0,1,2,0,0,81.37,1,0,1,1,1,0.0,1,0.0
6.0,5.124,0,1,0,2,1,0,57.9,1,1,0,0,1,0.0,1,0.0
9.0,5.05,0,0,1,2,1,0,80.93,0,1,0,0,1,0.0,0,1.0
10.0,4.12,0,0,1,2,1,0,76.56,0,1,1,0,1,0.0,0,1.0
0.0,2.06,0,0,1,2,1,0,75.89,1,0,1,0,1,0.0,0,0.0
0.0,4.046,0,0,0,2,1,0,68.48,1,0,0,0,1,0.0,0,0.0
2.0,4.04,0,1,0,0,1,1,36.81,1,1,1,0,0,0.0,1,0.0
0.0,4.042,0,0,0,0,1,0,60.12,1,0,1,0,0,0.0,1,0.0
18.0,6.05,2,1,0,2,0,0,63.22,1,1,1,1,1,2.0,1,1.0
14.0,6.11,0,1,0,0,0,0,58.25,1,1,1,0,0,0.0,1,0.0
0.0,3.12,2,0,1,2,0,0,82.0,1,0,1,0,1,2.0,0,1.0
0.0,3.044,0,0,1,2,0,0,63.2,1,1,0,0,1,0.0,0,0.0
0.0,3.05,0,0,1,0,0,0,57.77,1,0,1,0,0,0.0,1,1.0
0.0,3.044,0,0,1,2,0,0,73.42,0,0,1,0,1,0.0,0,1.0
7.0,6.05,2,1,0,0,0,0,60.77,1,1,1,0,0,2.0,1,1.0
1.0,4.022,2,0,1,0,1,0,69.28,0,0,1,0,1,2.0,0,0.0
0.0,3.02,0,0,1,0,1,0,72.71,0,1,0,0,0,0.0,1,0.0
0.0,3.032,2,0,1,1,1,0,74.52,0,0,1,0,1,2.0,0,0.0
2.0,4.054,1,0,1,2,1,0,50.44,1,0,1,0,1,1.0,1,0.0
4.0,5.06,2,0,1,2,1,0,74.2,1,1,1,0,1,2.0,1,0.0
2.0,3.052,0,0,1,2,1,0,70.84,1,1,0,0,1,0.0,1,0.0
1.0,3.038,1,0,1,2,1,0,58.8,0,1,0,0,1,1.0,1,0.0
1.0,5.034,0,1,0,0,0,0,54.44,0,1,1,1,1,0.0,1,0.0
0.0,4.048,0,0,0,2,0,0,69.94,1,0,1,1,1,0.0,1,0.0
2.0,5.054,0,1,0,2,0,0,68.28,1,1,0,1,1,0.0,1,1.0
0.0,2.046,2,0,1,2,1,0,70.25,1,0,1,0,1,2.0,1,0.0
0.0,4.08,2,0,1,0,1,0,68.9,0,1,1,0,1,2.0,0,0.0
0.0,4.04,0,1,0,2,0,0,60.96,0,1,0,1,1,0.0,1,1.0
0.0,2.036,0,0,1,2,1,1,30.53,1,1,0,0,1,0.0,1,0.0
1.0,5.038,0,0,1,2,1,0,67.57,0,1,0,0,1,0.0,0,0.0
0.0,4.05,0,0,1,2,1,0,63.79,1,1,0,0,1,0.0,0,0.0
1.0,5.054,0,1,0,2,0,1,36.63,1,1,0,1,1,0.0,1,0.0
3.0,4.08,2,1,0,2,0,0,72.12,1,1,1,0,1,2.0,0,1.0
0.0,3.042,2,0,1,2,1,0,68.44,0,0,1,0,1,2.0,1,0.0
2.0,5.054,2,1,0,0,0,1,44.47,0,0,1,0,0,2.0,1,1.0
0.0,3.068,0,0,1,2,1,0,70.61,0,0,1,0,1,0.0,0,0.0
2.0,5.08,0,1,0,2,0,0,66.66,1,1,1,1,1,0.0,1,1.0
0.0,4.036,0,0,1,2,1,0,54.92,0,0,1,0,1,0.0,0,0.0
0.0,4.026,0,0,0,2,0,0,65.22,0,1,0,1,1,0.0,1,0.0
1.0,4.052,2,0,1,0,1,1,35.27,0,1,0,0,1,2.0,1,0.0
12.0,6.03,2,1,0,0,0,0,60.56,1,1,1,0,0,2.0,1,1.0
2.0,4.056,0,0,1,2,1,0,65.94,0,1,0,0,1,0.0,0,0.0
0.0,2.046,2,0,1,1,1,1,43.45,0,1,0,0,1,2.0,1,0.0
1.0,4.1,1,0,1,2,1,0,74.21,1,1,1,1,1,1.0,1,0.0
1.0,5.08,0,1,0,2,0,0,60.58,1,1,1,0,1,0.0,1,0.0
0.0,2.046,2,0,1,2,1,0,79.36,1,0,1,0,1,2.0,1,0.0
0.0,3.086,2,0,1,2,1,0,78.73,1,0,1,0,1,2.0,1,0.0
13.0,6.1,2,1,0,0,0,1,45.3,1,1,1,0,0,2.0,1,1.0
2.0,5.036,0,1,0,2,0,0,54.48,0,1,1,1,1,0.0,1,0.0
0.0,2.03,2,0,1,2,0,0,68.74,0,1,0,0,1,2.0,1,0.0
1.0,5.044,0,1,0,2,0,0,57.62,1,1,0,1,1,0.0,1,0.0
1.0,4.124,2,0,1,2,1,0,78.19,0,0,1,1,1,2.0,1,1.0
1.0,4.044,2,0,1,2,1,0,81.32,0,0,0,0,1,2.0,1,0.0
0.0,1.05,2,0,1,2,1,0,79.48,1,0,1,0,1,2.0,1,0.0
1.0,3.052,2,0,1,2,1,0,61.72,0,1,0,0,1,2.0,0,0.0
0.0,4.036,0,0,1,2,1,0,72.65,1,1,1,0,1,0.0,1,0.0
0.0,3.03,1,0,1,2,1,0,67.24,1,1,0,0,1,1.0,1,0.0
0.0,3.04,0,0,0,2,1,0,61.39,1,1,0,1,1,0.0,1,1.0
0.0,3.046,2,0,1,0,1,0,76.02,0,1,0,0,1,2.0,0,0.0
0.0,3.028,0,0,1,2,1,1,36.27,1,1,0,0,1,0.0,0,0.0
0.0,4.036,0,0,0,2,0,1,48.75,1,1,0,1,1,0.0,1,0.0
1.0,4.045,2,1,1,0,1,0,64.99,1,1,0,0,1,2.0,0,1.0
0.0,3.04,0,0,1,2,1,0,63.44,0,1,0,0,1,0.0,0,1.0
0.0,4.0358,0,0,0,2,0,1,45.45,1,1,0,1,1,0.0,1,0.0
0.0,4.029,0,0,1,2,0,1,45.64,0,1,0,0,1,0.0,0,0.0
2.0,5.0256,1,1,1,2,1,0,73.74,0,0,1,1,1,1.0,1,1.0
0.0,4.052,1,0,0,2,0,0,54.87,0,0,1,0,1,1.0,1,1.0
7.0,5.042,2,0,1,2,1,0,71.82,1,0,1,0,1,2.0,1,0.0
2.0,4.044,0,1,0,2,1,0,72.81,0,0,1,0,1,0.0,1,1.0
4.0,3.054,2,0,1,2,1,1,45.81,0,0,1,0,1,2.0,1,0.0
23.0,6.048,0,1,0,0,0,0,50.55,0,1,1,0,0,0.0,1,0.0
6.0,4.1,0,0,1,1,1,0,69.25,0,1,1,0,1,0.0,1,1.0
0.0,3.04,2,0,1,2,1,0,61.6,0,1,0,0,1,2.0,1,0.0
1.0,3.032,0,0,1,2,1,0,63.77,0,1,0,0,1,0.0,1,0.0
0.0,4.04,0,0,1,2,1,0,76.77,0,1,0,0,1,0.0,1,0.0
0.0,3.038,2,0,1,2,0,1,45.35,0,1,0,0,1,2.0,0,0.0
1.0,5.037,1,1,0,0,0,0,64.24,1,1,0,0,1,1.0,1,0.0
0.0,3.031,1,0,0,0,1,0,69.64,0,0,1,0,0,1.0,1,0.0
0.0,4.052,0,0,1,0,1,0,58.95,0,1,0,0,0,0.0,1,0.0
0.0,4.043,2,0,1,0,1,0,67.6,0,1,0,0,0,2.0,1,0.0
2.0,5.004,0,0,1,0,1,0,68.76,0,0,1,0,1,0.0,0,0.0
0.0,4.036,2,0,1,2,0,1,27.56,0,1,0,0,1,2.0,0,0.0
14.0,5.13,2,0,1,0,1,0,71.24,0,1,1,0,1,2.0,0,1.0
13.0,6.04,0,1,0,0,0,0,54.69,0,0,1,0,0,0.0,1,0.0
0.0,2.036,1,0,1,2,1,0,51.36,1,0,1,0,1,1.0,1,0.0
0.0,3.032,0,0,1,0,1,0,64.4,1,0,1,0,1,0.0,0,0.0
0.0,3.044,2,0,1,2,1,0,56.13,0,0,1,0,1,2.0,1,0.0
5.0,5.034,0,0,1,2,1,1,37.89,1,1,0,0,1,0.0,1,0.0
0.0,4.1,2,0,0,2,1,0,74.8,0,1,1,1,1,2.0,1,1.0
1.0,4.06,1,0,1,2,1,0,70.3,1,0,1,1,1,1.0,1,0.0
0.0,2.034,0,0,1,2,1,0,64.01,1,0,1,0,1,0.0,1,0.0
0.0,4.056,2,0,0,2,1,0,69.12,1,1,0,1,1,2.0,1,0.0
1.0,5.04,0,1,0,0,0,0,57.07,1,1,0,0,0,0.0,1,0.0
0.0,3.052,0,1,1,2,1,0,50.42,0,1,0,0,1,0.0,0,0.0
0.0,4.12,0,0,0,0,1,0,74.07,1,0,1,1,1,0.0,1,0.0
3.0,4.06,1,0,1,2,1,0,60.5,0,1,1,0,1,1.0,1,1.0
2.0,4.036,0,0,1,2,1,0,70.52,0,1,0,0,1,0.0,0,0.0
3.0,5.028,0,1,0,2,1,0,66.61,0,1,0,0,1,0.0,1,0.0
2.0,5.05,2,0,1,0,1,0,72.05,0,0,1,0,0,2.0,1,0.0
1.0,5.036,2,1,0,0,0,1,47.7,1,1,0,1,1,2.0,1,0.0
3.0,5.034,0,1,0,2,0,1,48.52,0,1,0,1,1,0.0,1,0.0
4.0,4.036,0,0,1,1,1,0,55.71,0,1,0,0,1,0.0,1,0.0
0.0,2.04,0,0,0,2,1,0,55.67,0,1,0,0,1,0.0,0,0.0
2.0,3.0338,2,1,1,2,1,0,76.25,1,0,1,0,1,2.0,1,1.0
0.0,4.0488,2,0,1,2,1,0,60.75,0,1,0,0,1,2.0,0,0.0
0.0,2.05,0,0,1,2,1,0,74.64,1,1,0,0,1,0.0,0,0.0
1.0,4.025,0,0,1,2,1,1,48.27,0,1,0,0,1,0.0,1,0.0
2.0,2.0806,0,1,1,2,1,0,60.09,0,0,1,0,1,0.0,0,1.0
2.0,4.076,0,0,1,2,1,0,80.31,1,1,1,0,1,0.0,0,0.0
2.0,5.056,0,0,1,2,1,0,70.56,0,1,0,0,1,0.0,0,0.0
0.0,3.031,1,0,1,2,1,1,49.16,1,1,0,0,1,1.0,1,0.0
1.0,3.04,2,0,1,2,1,0,73.16,0,0,1,0,1,2.0,0,0.0
2.0,5.038,2,0,1,2,1,0,59.93,1,1,0,1,1,2.0,1,0.0
18.0,4.058,1,0,1,2,1,0,80.13,1,0,1,0,1,1.0,1,1.0
3.0,5.06,2,0,1,2,1,0,67.85,0,0,1,0,1,2.0,0,1.0
16.0,6.038,0,0,1,0,1,0,67.27,0,0,1,0,1,0.0,0,0.0
5.0,6.1,2,0,1,2,1,0,52.12,0,0,1,0,1,2.0,0,1.0
0.0,4.08,1,1,1,2,0,1,40.74,0,0,1,0,1,1.0,0,1.0
0.0,2.02,2,0,1,2,1,0,66.04,0,0,1,0,1,2.0,1,0.0
0.0,4.032,0,0,0,2,1,0,55.57,0,1,0,1,1,0.0,1,0.0
0.0,4.14,0,0,1,0,1,0,80.56,0,1,1,0,0,0.0,1,0.0
1.0,4.08,0,0,1,2,1,0,77.17,0,0,1,0,1,0.0,0,1.0
0.0,3.04,2,0,1,2,1,0,70.15,0,0,1,0,1,2.0,1,0.0
2.0,5.046,0,1,0,2,1,0,54.53,0,1,0,1,1,0.0,1,0.0
4.0,6.076,1,1,0,2,1,1,49.02,0,1,1,1,1,1.0,1,0.0
1.0,5.06,2,0,1,2,1,0,83.39,0,0,1,0,1,2.0,0,0.0
0.0,2.072,2,0,1,0,1,0,56.97,0,0,1,0,1,2.0,1,0.0
1.0,4.04,0,0,1,2,1,0,71.16,0,0,1,0,1,0.0,0,0.0
0.0,3.038,2,0,1,2,1,0,52.43,0,1,0,0,1,2.0,0,0.0
0.0,3.042,0,0,1,0,1,0,71.05,0,0,1,0,0,0.0,1,0.0
3.0,5.062,0,0,1,0,1,0,72.28,0,1,0,0,1,0.0,1,1.0
1.0,5.042,2,0,1,2,1,0,58.04,1,0,1,0,1,2.0,0,0.0
0.0,3.038,2,0,1,2,1,0,69.06,0,0,1,0,1,2.0,1,0.0
2.0,5.036,0,0,1,2,1,0,71.41,1,1,0,0,1,0.0,0,1.0
16.0,6.052,1,1,0,0,1,0,56.93,0,1,0,0,0,1.0,1,1.0
0.0,2.042,2,0,1,2,1,0,64.24,0,1,0,0,1,2.0,1,0.0
0.0,4.044,0,0,1,2,1,0,68.16,0,1,0,0,1,0.0,0,0.0
5.0,6.12,2,0,1,2,1,0,58.27,1,0,1,0,1,2.0,0,1.0
0.0,3.0236,0,0,1,2,1,0,78.16,0,0,1,0,1,0.0,1,0.0
0.0,3.026,0,0,1,2,1,0,55.52,1,0,1,0,1,0.0,0,1.0
0.0,4.068,0,0,0,0,1,0,61.38,0,1,0,0,0,0.0,1,0.0
0.0,4.045,0,0,1,2,1,0,59.34,1,1,0,0,1,0.0,0,0.0
2.0,5.05,0,1,0,2,0,1,44.42,1,1,0,1,1,0.0,1,0.0
0.0,4.06,0,0,1,2,1,0,76.98,1,0,1,0,1,0.0,0,0.0
0.0,6.26,1,1,1,2,1,0,62.97,0,1,1,0,1,1.0,0,1.0
14.0,6.1,2,0,1,2,1,0,66.52,0,1,1,0,1,2.0,0,1.0
0.0,4.074,0,0,1,2,0,0,70.88,1,0,1,0,1,0.0,0,0.0
0.0,4.042,0,0,1,2,1,0,59.06,0,0,1,1,1,0.0,1,0.0
0.0,4.036,0,0,1,0,1,0,62.13,0,0,1,0,1,0.0,0,0.0
0.0,3.05,0,0,1,2,1,0,74.11,1,0,1,0,1,0.0,0,0.0
0.0,4.0652,0,0,0,2,1,0,77.54,1,0,1,1,1,0.0,1,0.0
1.0,5.0344,0,1,0,2,0,1,41.14,0,1,0,1,1,0.0,1,0.0
2.0,4.038,0,0,1,2,1,0,56.86,1,1,1,0,1,0.0,0,1.0
16.0,6.058,0,1,0,2,0,0,50.73,0,0,1,1,1,0.0,1,1.0
0.0,4.068,0,1,0,2,1,0,60.45,0,1,0,0,1,0.0,1,1.0
0.0,4.046,0,0,1,0,1,0,51.34,0,1,0,0,1,0.0,0,0.0
5.0,5.092,1,0,1,0,0,1,47.67,0,1,0,0,1,1.0,0,0.0
0.0,2.0276,2,0,1,2,1,0,59.84,1,1,0,0,1,2.0,1,0.0
15.0,5.06,2,1,0,2,1,1,43.81,0,0,1,0,1,2.0,1,1.0
2.0,3.0314,0,0,1,2,1,1,49.13,0,1,0,0,1,0.0,1,0.0
1.0,5.364,0,1,0,2,0,1,28.78,0,1,0,1,1,0.0,1,0.0
0.0,3.17,0,0,1,2,1,1,43.26,0,1,1,0,1,0.0,1,0.0
0.0,4.05,1,0,1,2,1,0,60.33,1,0,1,0,1,1.0,1,0.0
0.0,3.04,0,0,1,2,1,0,58.56,0,1,0,0,1,0.0,1,0.0
3.0,5.062,0,0,1,2,1,0,71.82,1,1,0,0,1,0.0,0,0.0
3.0,4.0366,0,0,1,2,1,0,62.7,1,0,1,0,1,0.0,0,1.0
0.0,3.0432,0,0,1,2,1,0,67.4,1,0,1,0,1,0.0,0,0.0
0.0,4.04,0,0,1,2,1,0,60.63,1,1,0,0,1,0.0,0,0.0
1.0,4.057,0,0,1,2,1,0,50.51,1,1,0,0,1,0.0,0,0.0
1.0,5.042,0,0,1,0,1,0,63.09,0,1,0,0,1,0.0,0,0.0
0.0,4.054,2,1,1,2,1,0,58.26,0,0,1,0,1,2.0,0,1.0
8.0,5.0324,0,0,1,2,1,0,70.76,0,1,0,0,1,0.0,1,1.0
6.0,5.066,0,0,1,2,0,1,48.92,0,0,1,0,1,0.0,0,0.0
0.0,3.0046,2,1,0,0,1,1,49.35,0,1,0,0,0,2.0,1,1.0
0.0,1.05,0,0,1,2,1,0,68.45,0,1,0,0,1,0.0,1,0.0
1.0,4.042,0,1,1,1,1,0,58.75,1,1,0,0,1,0.0,1,1.0
0.0,4.0304,2,0,1,0,1,0,76.65,0,0,1,0,1,2.0,0,0.0
0.0,3.043,0,1,1,2,1,0,63.71,0,0,0,0,1,0.0,0,1.0
0.0,3.05,2,0,1,2,1,0,72.99,0,0,1,0,1,2.0,1,0.0
4.0,6.15,0,0,1,2,1,0,67.99,1,1,1,0,1,0.0,0,1.0
1.0,4.04,0,0,1,2,1,0,70.58,1,0,1,0,1,0.0,0,0.0
0.0,4.08,0,0,1,2,1,0,67.89,0,0,1,0,1,0.0,0,1.0
1.0,4.04,0,0,1,2,1,0,81.14,0,0,1,0,1,0.0,0,0.0
0.0,4.046,2,0,1,2,1,0,71.69,0,1,0,0,1,2.0,0,0.0
0.0,3.032,0,0,1,2,1,0,62.07,1,1,0,1,1,0.0,1,0.0
2.0,5.05,2,1,0,2,1,1,38.17,0,1,0,1,1,2.0,1,0.0
1.0,2.06,0,1,0,0,1,1,43.28,1,1,1,1,1,0.0,1,1.0
9.0,6.0622,0,1,0,2,1,1,48.83,0,1,1,1,1,0.0,1,1.0
0.0,4.0286,0,0,1,0,1,0,62.26,0,0,1,0,1,0.0,1,0.0
2.0,4.031,2,0,1,2,1,0,60.15,0,1,0,0,1,2.0,1,0.0
0.0,3.04,2,0,1,2,1,0,79.23,0,0,1,0,1,2.0,1,0.0
0.0,1.02,1,0,1,2,0,0,62.61,1,1,0,0,1,1.0,1,0.0
2.0,3.0252,2,0,1,2,1,0,57.87,0,1,0,0,1,2.0,1,0.0
1.0,3.025,0,0,1,2,1,0,60.07,0,1,1,0,1,0.0,1,1.0
0.0,3.0502,2,0,1,2,1,0,70.97,0,1,0,0,1,2.0,1,1.0
3.0,5.076,0,1,0,0,1,1,49.61,0,1,1,0,1,0.0,1,1.0
3.0,5.0352,0,1,1,0,1,0,67.88,0,0,1,0,1,0.0,0,1.0
0.0,3.034,2,0,1,2,1,0,72.66,0,0,1,0,1,2.0,0,1.0
6.0,5.07,1,0,1,0,1,0,58.92,0,0,1,0,1,1.0,1,0.0
1.0,5.058,0,0,1,2,1,0,73.52,1,0,1,0,1,0.0,0,0.0
0.0,3.03,2,0,1,2,1,0,51.45,0,1,0,0,1,2.0,0,0.0
0.0,1.076,2,0,1,2,0,0,68.41,0,0,1,0,1,2.0,1,0.0
0.0,3.00424,0,0,1,2,0,0,58.37,1,0,1,0,1,0.0,1,0.0
0.0,3.0426,2,0,1,2,1,0,74.76,0,0,1,0,1,2.0,1,0.0
0.0,4.016,0,0,1,2,1,0,63.43,0,1,0,0,1,0.0,0,0.0
2.0,4.04,0,0,1,0,1,0,62.45,0,0,1,0,1,0.0,1,0.0
5.0,5.04464,2,0,1,0,1,0,51.46,0,1,0,0,1,2.0,1,1.0
8.0,5.036,2,0,1,0,1,0,77.37,0,0,1,0,1,2.0,0,1.0
0.0,4.054,0,0,1,2,1,0,71.11,0,0,1,0,1,0.0,0,1.0
1.0,4.046,2,0,1,2,0,1,47.85,0,0,1,0,1,2.0,1,0.0
0.0,2.034,2,0,1,2,1,0,78.89,0,0,1,0,1,2.0,1,0.0
1.0,3.024,2,0,1,2,0,0,54.81,1,1,0,0,1,2.0,1,0.0
0.0,1.042,1,0,1,0,1,0,75.13,0,1,0,0,1,1.0,1,0.0
0.0,4.0354,2,0,0,0,0,1,48.45,0,1,0,0,0,2.0,1,1.0
5.0,6.03094,2,0,1,0,1,0,54.66,0,0,1,0,0,2.0,1,1.0
5.0,6.07,0,0,1,0,1,0,74.8,0,0,1,1,1,0.0,1,1.0
0.0,3.05,0,0,1,2,1,0,69.72,0,0,1,0,1,0.0,0,1.0
2.0,4.046,2,0,1,2,1,0,62.46,0,0,1,0,1,2.0,0,0.0
17.0,5.08,0,1,0,0,1,0,50.92,0,1,0,0,0,0.0,1,1.0
6.0,6.06,0,1,0,2,1,1,45.11,0,1,0,0,1,0.0,1,1.0
7.0,6.0483,2,1,0,0,0,0,52.41,1,1,0,0,0,2.0,1,0.0
1.0,5.08,2,0,1,2,1,0,83.8,0,0,0,0,1,2.0,0,0.0
2.0,4.06,0,0,1,0,1,0,63.89,0,1,0,0,1,0.0,0,1.0
11.0,6.07,2,0,1,2,1,0,60.57,0,1,0,0,1,2.0,1,1.0
1.0,3.08,2,0,1,2,1,0,59.82,0,1,0,0,1,2.0,1,1.0
3.0,5.041,2,1,0,0,0,1,28.37,0,1,1,0,1,2.0,1,1.0
1.0,5.1,2,0,1,1,1,1,34.64,0,1,1,0,1,2.0,0,1.0
2.0,5.05,2,1,0,0,1,1,36.6,0,1,0,1,1,2.0,1,1.0
1.0,5.032,0,1,0,2,0,0,50.84,0,0,1,1,1,0.0,1,0.0
1.0,5.04,0,1,0,0,0,1,47.47,0,1,0,0,0,0.0,1,0.0
3.0,5.04,0,1,0,0,0,1,30.02,1,0,1,0,0,0.0,1,1.0
4.0,4.04,0,0,1,2,1,0,61.27,0,1,0,0,1,0.0,1,0.0
3.0,4.06,0,0,1,2,1,0,56.78,0,0,1,0,1,0.0,1,0.0
1.0,4.03,0,0,1,2,1,0,67.89,0,0,1,0,1,0.0,1,0.0
3.0,4.1,0,0,1,0,1,0,86.14,0,0,1,0,0,0.0,1,1.0
6.0,5.08,0,0,1,2,1,0,63.5,0,0,1,0,1,0.0,0,0.0
3.0,5.032,2,1,1,0,1,0,51.22,0,1,1,0,0,2.0,1,1.0
33.0,5.06,2,1,1,1,1,0,54.42,0,1,0,0,1,2.0,0,1.0
1.0,5.03,0,0,1,2,1,0,61.23,1,0,1,0,1,0.0,1,1.0
3.0,4.04,2,0,1,0,1,0,53.14,0,1,0,0,1,2.0,1,1.0
3.0,5.05,0,0,1,2,1,0,66.48,0,0,1,0,1,0.0,0,0.0
10.0,6.06,2,0,1,0,1,0,63.09,0,0,1,0,1,2.0,0,1.0
8.0,5.06,0,0,1,2,1,0,55.7,0,1,0,0,1,0.0,0,1.0
5.0,5.13,2,0,1,0,1,0,51.87,0,0,1,0,1,2.0,1,1.0
22.0,6.1,0,0,1,0,1,0,53.87,0,0,1,0,0,0.0,1,1.0
1.0,4.03,0,0,1,0,1,0,52.9,0,1,0,0,1,0.0,0,1.0
1.0,5.09,0,0,1,2,1,0,56.9,0,0,1,0,1,0.0,1,0.0
1.0,4.03,0,0,1,0,1,0,59.2,0,0,1,0,1,0.0,0,1.0
1.0,5.05,0,0,1,2,1,1,43.1,1,1,0,0,1,0.0,1,0.0
1.0,5.04,0,0,1,0,0,1,42.88,0,1,1,0,1,0.0,1,1.0
45.0,6.05,0,0,1,2,1,0,62.9,0,1,1,0,1,0.0,1,1.0
12.0,5.05,2,0,1,2,1,0,61.16,0,0,1,0,1,2.0,0,0.0
1.0,5.04,0,0,1,2,1,0,60.02,0,1,0,0,1,0.0,0,0.0
